backend,M,xlen,cores,warps,threads,kind,operation,mode,sample,warmup_per_op_mode,batch_cycles,checked,guard_checked,mismatches,comparison,measurement_scope,note,run_instrs,run_cycles,status,kernel_sha256,kernel,log
rtlsim,1,32,1,8,32,timed_batch,mulcache,scalar,0,1,14998,128,128,0,scalar_reference,direct_call_and_completion_barrier_excludes_KEM_dispatch,,1646854,20609824,PASS,ad93676464836120928f6f65d7d25e327dc24c606286ac09bf18d7cdd180a4f6,build32_nttmul/arith_validation/primitive/kernel.vxbin,build32_nttmul/arith_validation/primitive/rv32_rtlsim_m1.log
rtlsim,1,32,1,8,32,timed_batch,mulcache,w32_c,0,1,4900,128,128,0,upstream_c_bitexact,direct_call_and_completion_barrier_excludes_KEM_dispatch,,1646854,20609824,PASS,ad93676464836120928f6f65d7d25e327dc24c606286ac09bf18d7cdd180a4f6,build32_nttmul/arith_validation/primitive/kernel.vxbin,build32_nttmul/arith_validation/primitive/rv32_rtlsim_m1.log
rtlsim,1,32,1,8,32,timed_batch,mulcache,w32_ise,0,1,4583,128,128,0,upstream_c_bitexact,direct_call_and_completion_barrier_excludes_KEM_dispatch,,1646854,20609824,PASS,ad93676464836120928f6f65d7d25e327dc24c606286ac09bf18d7cdd180a4f6,build32_nttmul/arith_validation/primitive/kernel.vxbin,build32_nttmul/arith_validation/primitive/rv32_rtlsim_m1.log
rtlsim,1,32,1,8,32,timed_batch,mulcache,scalar,1,1,14998,128,128,0,scalar_reference,direct_call_and_completion_barrier_excludes_KEM_dispatch,,1646854,20609824,PASS,ad93676464836120928f6f65d7d25e327dc24c606286ac09bf18d7cdd180a4f6,build32_nttmul/arith_validation/primitive/kernel.vxbin,build32_nttmul/arith_validation/primitive/rv32_rtlsim_m1.log
rtlsim,1,32,1,8,32,timed_batch,mulcache,w32_c,1,1,4975,128,128,0,upstream_c_bitexact,direct_call_and_completion_barrier_excludes_KEM_dispatch,,1646854,20609824,PASS,ad93676464836120928f6f65d7d25e327dc24c606286ac09bf18d7cdd180a4f6,build32_nttmul/arith_validation/primitive/kernel.vxbin,build32_nttmul/arith_validation/primitive/rv32_rtlsim_m1.log
rtlsim,1,32,1,8,32,timed_batch,mulcache,w32_ise,1,1,4613,128,128,0,upstream_c_bitexact,direct_call_and_completion_barrier_excludes_KEM_dispatch,,1646854,20609824,PASS,ad93676464836120928f6f65d7d25e327dc24c606286ac09bf18d7cdd180a4f6,build32_nttmul/arith_validation/primitive/kernel.vxbin,build32_nttmul/arith_validation/primitive/rv32_rtlsim_m1.log
rtlsim,1,32,1,8,32,timed_batch,mulcache,scalar,2,1,14998,128,128,0,scalar_reference,direct_call_and_completion_barrier_excludes_KEM_dispatch,,1646854,20609824,PASS,ad93676464836120928f6f65d7d25e327dc24c606286ac09bf18d7cdd180a4f6,build32_nttmul/arith_validation/primitive/kernel.vxbin,build32_nttmul/arith_validation/primitive/rv32_rtlsim_m1.log
rtlsim,1,32,1,8,32,timed_batch,mulcache,w32_c,2,1,4894,128,128,0,upstream_c_bitexact,direct_call_and_completion_barrier_excludes_KEM_dispatch,,1646854,20609824,PASS,ad93676464836120928f6f65d7d25e327dc24c606286ac09bf18d7cdd180a4f6,build32_nttmul/arith_validation/primitive/kernel.vxbin,build32_nttmul/arith_validation/primitive/rv32_rtlsim_m1.log
rtlsim,1,32,1,8,32,timed_batch,mulcache,w32_ise,2,1,4618,128,128,0,upstream_c_bitexact,direct_call_and_completion_barrier_excludes_KEM_dispatch,,1646854,20609824,PASS,ad93676464836120928f6f65d7d25e327dc24c606286ac09bf18d7cdd180a4f6,build32_nttmul/arith_validation/primitive/kernel.vxbin,build32_nttmul/arith_validation/primitive/rv32_rtlsim_m1.log
rtlsim,1,32,1,8,32,timed_batch,mulcache,scalar,3,1,14998,128,128,0,scalar_reference,direct_call_and_completion_barrier_excludes_KEM_dispatch,,1646854,20609824,PASS,ad93676464836120928f6f65d7d25e327dc24c606286ac09bf18d7cdd180a4f6,build32_nttmul/arith_validation/primitive/kernel.vxbin,build32_nttmul/arith_validation/primitive/rv32_rtlsim_m1.log
rtlsim,1,32,1,8,32,timed_batch,mulcache,w32_c,3,1,4906,128,128,0,upstream_c_bitexact,direct_call_and_completion_barrier_excludes_KEM_dispatch,,1646854,20609824,PASS,ad93676464836120928f6f65d7d25e327dc24c606286ac09bf18d7cdd180a4f6,build32_nttmul/arith_validation/primitive/kernel.vxbin,build32_nttmul/arith_validation/primitive/rv32_rtlsim_m1.log
rtlsim,1,32,1,8,32,timed_batch,mulcache,w32_ise,3,1,4590,128,128,0,upstream_c_bitexact,direct_call_and_completion_barrier_excludes_KEM_dispatch,,1646854,20609824,PASS,ad93676464836120928f6f65d7d25e327dc24c606286ac09bf18d7cdd180a4f6,build32_nttmul/arith_validation/primitive/kernel.vxbin,build32_nttmul/arith_validation/primitive/rv32_rtlsim_m1.log
rtlsim,1,32,1,8,32,timed_batch,mulcache,scalar,4,1,14998,128,128,0,scalar_reference,direct_call_and_completion_barrier_excludes_KEM_dispatch,,1646854,20609824,PASS,ad93676464836120928f6f65d7d25e327dc24c606286ac09bf18d7cdd180a4f6,build32_nttmul/arith_validation/primitive/kernel.vxbin,build32_nttmul/arith_validation/primitive/rv32_rtlsim_m1.log
rtlsim,1,32,1,8,32,timed_batch,mulcache,w32_c,4,1,4976,128,128,0,upstream_c_bitexact,direct_call_and_completion_barrier_excludes_KEM_dispatch,,1646854,20609824,PASS,ad93676464836120928f6f65d7d25e327dc24c606286ac09bf18d7cdd180a4f6,build32_nttmul/arith_validation/primitive/kernel.vxbin,build32_nttmul/arith_validation/primitive/rv32_rtlsim_m1.log
rtlsim,1,32,1,8,32,timed_batch,mulcache,w32_ise,4,1,4490,128,128,0,upstream_c_bitexact,direct_call_and_completion_barrier_excludes_KEM_dispatch,,1646854,20609824,PASS,ad93676464836120928f6f65d7d25e327dc24c606286ac09bf18d7cdd180a4f6,build32_nttmul/arith_validation/primitive/kernel.vxbin,build32_nttmul/arith_validation/primitive/rv32_rtlsim_m1.log
rtlsim,1,32,1,8,32,timed_batch,mulcache,scalar,5,1,14998,128,128,0,scalar_reference,direct_call_and_completion_barrier_excludes_KEM_dispatch,,1646854,20609824,PASS,ad93676464836120928f6f65d7d25e327dc24c606286ac09bf18d7cdd180a4f6,build32_nttmul/arith_validation/primitive/kernel.vxbin,build32_nttmul/arith_validation/primitive/rv32_rtlsim_m1.log
rtlsim,1,32,1,8,32,timed_batch,mulcache,w32_c,5,1,4905,128,128,0,upstream_c_bitexact,direct_call_and_completion_barrier_excludes_KEM_dispatch,,1646854,20609824,PASS,ad93676464836120928f6f65d7d25e327dc24c606286ac09bf18d7cdd180a4f6,build32_nttmul/arith_validation/primitive/kernel.vxbin,build32_nttmul/arith_validation/primitive/rv32_rtlsim_m1.log
rtlsim,1,32,1,8,32,timed_batch,mulcache,w32_ise,5,1,4764,128,128,0,upstream_c_bitexact,direct_call_and_completion_barrier_excludes_KEM_dispatch,,1646854,20609824,PASS,ad93676464836120928f6f65d7d25e327dc24c606286ac09bf18d7cdd180a4f6,build32_nttmul/arith_validation/primitive/kernel.vxbin,build32_nttmul/arith_validation/primitive/rv32_rtlsim_m1.log
rtlsim,1,32,1,8,32,timed_batch,mulcache,scalar,6,1,14998,128,128,0,scalar_reference,direct_call_and_completion_barrier_excludes_KEM_dispatch,,1646854,20609824,PASS,ad93676464836120928f6f65d7d25e327dc24c606286ac09bf18d7cdd180a4f6,build32_nttmul/arith_validation/primitive/kernel.vxbin,build32_nttmul/arith_validation/primitive/rv32_rtlsim_m1.log
rtlsim,1,32,1,8,32,timed_batch,mulcache,w32_c,6,1,4970,128,128,0,upstream_c_bitexact,direct_call_and_completion_barrier_excludes_KEM_dispatch,,1646854,20609824,PASS,ad93676464836120928f6f65d7d25e327dc24c606286ac09bf18d7cdd180a4f6,build32_nttmul/arith_validation/primitive/kernel.vxbin,build32_nttmul/arith_validation/primitive/rv32_rtlsim_m1.log
rtlsim,1,32,1,8,32,timed_batch,mulcache,w32_ise,6,1,4835,128,128,0,upstream_c_bitexact,direct_call_and_completion_barrier_excludes_KEM_dispatch,,1646854,20609824,PASS,ad93676464836120928f6f65d7d25e327dc24c606286ac09bf18d7cdd180a4f6,build32_nttmul/arith_validation/primitive/kernel.vxbin,build32_nttmul/arith_validation/primitive/rv32_rtlsim_m1.log
rtlsim,1,32,1,8,32,timed_batch,mulcache,scalar,7,1,14998,128,128,0,scalar_reference,direct_call_and_completion_barrier_excludes_KEM_dispatch,,1646854,20609824,PASS,ad93676464836120928f6f65d7d25e327dc24c606286ac09bf18d7cdd180a4f6,build32_nttmul/arith_validation/primitive/kernel.vxbin,build32_nttmul/arith_validation/primitive/rv32_rtlsim_m1.log
rtlsim,1,32,1,8,32,timed_batch,mulcache,w32_c,7,1,5053,128,128,0,upstream_c_bitexact,direct_call_and_completion_barrier_excludes_KEM_dispatch,,1646854,20609824,PASS,ad93676464836120928f6f65d7d25e327dc24c606286ac09bf18d7cdd180a4f6,build32_nttmul/arith_validation/primitive/kernel.vxbin,build32_nttmul/arith_validation/primitive/rv32_rtlsim_m1.log
rtlsim,1,32,1,8,32,timed_batch,mulcache,w32_ise,7,1,4798,128,128,0,upstream_c_bitexact,direct_call_and_completion_barrier_excludes_KEM_dispatch,,1646854,20609824,PASS,ad93676464836120928f6f65d7d25e327dc24c606286ac09bf18d7cdd180a4f6,build32_nttmul/arith_validation/primitive/kernel.vxbin,build32_nttmul/arith_validation/primitive/rv32_rtlsim_m1.log
rtlsim,1,32,1,8,32,timed_batch,basemul,scalar,0,1,68886,256,0,0,scalar_reference,direct_call_and_completion_barrier_excludes_KEM_dispatch,,1646854,20609824,PASS,ad93676464836120928f6f65d7d25e327dc24c606286ac09bf18d7cdd180a4f6,build32_nttmul/arith_validation/primitive/kernel.vxbin,build32_nttmul/arith_validation/primitive/rv32_rtlsim_m1.log
rtlsim,1,32,1,8,32,timed_batch,basemul,w32_c,0,1,6869,256,0,0,upstream_c_bitexact,direct_call_and_completion_barrier_excludes_KEM_dispatch,,1646854,20609824,PASS,ad93676464836120928f6f65d7d25e327dc24c606286ac09bf18d7cdd180a4f6,build32_nttmul/arith_validation/primitive/kernel.vxbin,build32_nttmul/arith_validation/primitive/rv32_rtlsim_m1.log
rtlsim,1,32,1,8,32,timed_batch,basemul,w32_ise,0,1,6987,256,0,0,upstream_c_bitexact,direct_call_and_completion_barrier_excludes_KEM_dispatch,,1646854,20609824,PASS,ad93676464836120928f6f65d7d25e327dc24c606286ac09bf18d7cdd180a4f6,build32_nttmul/arith_validation/primitive/kernel.vxbin,build32_nttmul/arith_validation/primitive/rv32_rtlsim_m1.log
rtlsim,1,32,1,8,32,timed_batch,basemul,scalar,1,1,68886,256,0,0,scalar_reference,direct_call_and_completion_barrier_excludes_KEM_dispatch,,1646854,20609824,PASS,ad93676464836120928f6f65d7d25e327dc24c606286ac09bf18d7cdd180a4f6,build32_nttmul/arith_validation/primitive/kernel.vxbin,build32_nttmul/arith_validation/primitive/rv32_rtlsim_m1.log
rtlsim,1,32,1,8,32,timed_batch,basemul,w32_c,1,1,6788,256,0,0,upstream_c_bitexact,direct_call_and_completion_barrier_excludes_KEM_dispatch,,1646854,20609824,PASS,ad93676464836120928f6f65d7d25e327dc24c606286ac09bf18d7cdd180a4f6,build32_nttmul/arith_validation/primitive/kernel.vxbin,build32_nttmul/arith_validation/primitive/rv32_rtlsim_m1.log
rtlsim,1,32,1,8,32,timed_batch,basemul,w32_ise,1,1,6995,256,0,0,upstream_c_bitexact,direct_call_and_completion_barrier_excludes_KEM_dispatch,,1646854,20609824,PASS,ad93676464836120928f6f65d7d25e327dc24c606286ac09bf18d7cdd180a4f6,build32_nttmul/arith_validation/primitive/kernel.vxbin,build32_nttmul/arith_validation/primitive/rv32_rtlsim_m1.log
rtlsim,1,32,1,8,32,timed_batch,basemul,scalar,2,1,68886,256,0,0,scalar_reference,direct_call_and_completion_barrier_excludes_KEM_dispatch,,1646854,20609824,PASS,ad93676464836120928f6f65d7d25e327dc24c606286ac09bf18d7cdd180a4f6,build32_nttmul/arith_validation/primitive/kernel.vxbin,build32_nttmul/arith_validation/primitive/rv32_rtlsim_m1.log
rtlsim,1,32,1,8,32,timed_batch,basemul,w32_c,2,1,6788,256,0,0,upstream_c_bitexact,direct_call_and_completion_barrier_excludes_KEM_dispatch,,1646854,20609824,PASS,ad93676464836120928f6f65d7d25e327dc24c606286ac09bf18d7cdd180a4f6,build32_nttmul/arith_validation/primitive/kernel.vxbin,build32_nttmul/arith_validation/primitive/rv32_rtlsim_m1.log
rtlsim,1,32,1,8,32,timed_batch,basemul,w32_ise,2,1,6987,256,0,0,upstream_c_bitexact,direct_call_and_completion_barrier_excludes_KEM_dispatch,,1646854,20609824,PASS,ad93676464836120928f6f65d7d25e327dc24c606286ac09bf18d7cdd180a4f6,build32_nttmul/arith_validation/primitive/kernel.vxbin,build32_nttmul/arith_validation/primitive/rv32_rtlsim_m1.log
rtlsim,1,32,1,8,32,timed_batch,basemul,scalar,3,1,68886,256,0,0,scalar_reference,direct_call_and_completion_barrier_excludes_KEM_dispatch,,1646854,20609824,PASS,ad93676464836120928f6f65d7d25e327dc24c606286ac09bf18d7cdd180a4f6,build32_nttmul/arith_validation/primitive/kernel.vxbin,build32_nttmul/arith_validation/primitive/rv32_rtlsim_m1.log
rtlsim,1,32,1,8,32,timed_batch,basemul,w32_c,3,1,6804,256,0,0,upstream_c_bitexact,direct_call_and_completion_barrier_excludes_KEM_dispatch,,1646854,20609824,PASS,ad93676464836120928f6f65d7d25e327dc24c606286ac09bf18d7cdd180a4f6,build32_nttmul/arith_validation/primitive/kernel.vxbin,build32_nttmul/arith_validation/primitive/rv32_rtlsim_m1.log
rtlsim,1,32,1,8,32,timed_batch,basemul,w32_ise,3,1,6973,256,0,0,upstream_c_bitexact,direct_call_and_completion_barrier_excludes_KEM_dispatch,,1646854,20609824,PASS,ad93676464836120928f6f65d7d25e327dc24c606286ac09bf18d7cdd180a4f6,build32_nttmul/arith_validation/primitive/kernel.vxbin,build32_nttmul/arith_validation/primitive/rv32_rtlsim_m1.log
rtlsim,1,32,1,8,32,timed_batch,basemul,scalar,4,1,68886,256,0,0,scalar_reference,direct_call_and_completion_barrier_excludes_KEM_dispatch,,1646854,20609824,PASS,ad93676464836120928f6f65d7d25e327dc24c606286ac09bf18d7cdd180a4f6,build32_nttmul/arith_validation/primitive/kernel.vxbin,build32_nttmul/arith_validation/primitive/rv32_rtlsim_m1.log
rtlsim,1,32,1,8,32,timed_batch,basemul,w32_c,4,1,6858,256,0,0,upstream_c_bitexact,direct_call_and_completion_barrier_excludes_KEM_dispatch,,1646854,20609824,PASS,ad93676464836120928f6f65d7d25e327dc24c606286ac09bf18d7cdd180a4f6,build32_nttmul/arith_validation/primitive/kernel.vxbin,build32_nttmul/arith_validation/primitive/rv32_rtlsim_m1.log
rtlsim,1,32,1,8,32,timed_batch,basemul,w32_ise,4,1,6947,256,0,0,upstream_c_bitexact,direct_call_and_completion_barrier_excludes_KEM_dispatch,,1646854,20609824,PASS,ad93676464836120928f6f65d7d25e327dc24c606286ac09bf18d7cdd180a4f6,build32_nttmul/arith_validation/primitive/kernel.vxbin,build32_nttmul/arith_validation/primitive/rv32_rtlsim_m1.log
rtlsim,1,32,1,8,32,timed_batch,basemul,scalar,5,1,68886,256,0,0,scalar_reference,direct_call_and_completion_barrier_excludes_KEM_dispatch,,1646854,20609824,PASS,ad93676464836120928f6f65d7d25e327dc24c606286ac09bf18d7cdd180a4f6,build32_nttmul/arith_validation/primitive/kernel.vxbin,build32_nttmul/arith_validation/primitive/rv32_rtlsim_m1.log
rtlsim,1,32,1,8,32,timed_batch,basemul,w32_c,5,1,6830,256,0,0,upstream_c_bitexact,direct_call_and_completion_barrier_excludes_KEM_dispatch,,1646854,20609824,PASS,ad93676464836120928f6f65d7d25e327dc24c606286ac09bf18d7cdd180a4f6,build32_nttmul/arith_validation/primitive/kernel.vxbin,build32_nttmul/arith_validation/primitive/rv32_rtlsim_m1.log
rtlsim,1,32,1,8,32,timed_batch,basemul,w32_ise,5,1,7006,256,0,0,upstream_c_bitexact,direct_call_and_completion_barrier_excludes_KEM_dispatch,,1646854,20609824,PASS,ad93676464836120928f6f65d7d25e327dc24c606286ac09bf18d7cdd180a4f6,build32_nttmul/arith_validation/primitive/kernel.vxbin,build32_nttmul/arith_validation/primitive/rv32_rtlsim_m1.log
rtlsim,1,32,1,8,32,timed_batch,basemul,scalar,6,1,68886,256,0,0,scalar_reference,direct_call_and_completion_barrier_excludes_KEM_dispatch,,1646854,20609824,PASS,ad93676464836120928f6f65d7d25e327dc24c606286ac09bf18d7cdd180a4f6,build32_nttmul/arith_validation/primitive/kernel.vxbin,build32_nttmul/arith_validation/primitive/rv32_rtlsim_m1.log
rtlsim,1,32,1,8,32,timed_batch,basemul,w32_c,6,1,6787,256,0,0,upstream_c_bitexact,direct_call_and_completion_barrier_excludes_KEM_dispatch,,1646854,20609824,PASS,ad93676464836120928f6f65d7d25e327dc24c606286ac09bf18d7cdd180a4f6,build32_nttmul/arith_validation/primitive/kernel.vxbin,build32_nttmul/arith_validation/primitive/rv32_rtlsim_m1.log
rtlsim,1,32,1,8,32,timed_batch,basemul,w32_ise,6,1,7007,256,0,0,upstream_c_bitexact,direct_call_and_completion_barrier_excludes_KEM_dispatch,,1646854,20609824,PASS,ad93676464836120928f6f65d7d25e327dc24c606286ac09bf18d7cdd180a4f6,build32_nttmul/arith_validation/primitive/kernel.vxbin,build32_nttmul/arith_validation/primitive/rv32_rtlsim_m1.log
rtlsim,1,32,1,8,32,timed_batch,basemul,scalar,7,1,68886,256,0,0,scalar_reference,direct_call_and_completion_barrier_excludes_KEM_dispatch,,1646854,20609824,PASS,ad93676464836120928f6f65d7d25e327dc24c606286ac09bf18d7cdd180a4f6,build32_nttmul/arith_validation/primitive/kernel.vxbin,build32_nttmul/arith_validation/primitive/rv32_rtlsim_m1.log
rtlsim,1,32,1,8,32,timed_batch,basemul,w32_c,7,1,6825,256,0,0,upstream_c_bitexact,direct_call_and_completion_barrier_excludes_KEM_dispatch,,1646854,20609824,PASS,ad93676464836120928f6f65d7d25e327dc24c606286ac09bf18d7cdd180a4f6,build32_nttmul/arith_validation/primitive/kernel.vxbin,build32_nttmul/arith_validation/primitive/rv32_rtlsim_m1.log
rtlsim,1,32,1,8,32,timed_batch,basemul,w32_ise,7,1,6958,256,0,0,upstream_c_bitexact,direct_call_and_completion_barrier_excludes_KEM_dispatch,,1646854,20609824,PASS,ad93676464836120928f6f65d7d25e327dc24c606286ac09bf18d7cdd180a4f6,build32_nttmul/arith_validation/primitive/kernel.vxbin,build32_nttmul/arith_validation/primitive/rv32_rtlsim_m1.log
rtlsim,1,32,1,8,32,timed_batch,poly_reduce,scalar,0,1,47387,256,0,0,scalar_reference,direct_call_and_completion_barrier_excludes_KEM_dispatch,,1646854,20609824,PASS,ad93676464836120928f6f65d7d25e327dc24c606286ac09bf18d7cdd180a4f6,build32_nttmul/arith_validation/primitive/kernel.vxbin,build32_nttmul/arith_validation/primitive/rv32_rtlsim_m1.log
rtlsim,1,32,1,8,32,timed_batch,poly_reduce,w32_c,0,1,5881,256,0,0,upstream_c_bitexact,direct_call_and_completion_barrier_excludes_KEM_dispatch,,1646854,20609824,PASS,ad93676464836120928f6f65d7d25e327dc24c606286ac09bf18d7cdd180a4f6,build32_nttmul/arith_validation/primitive/kernel.vxbin,build32_nttmul/arith_validation/primitive/rv32_rtlsim_m1.log
rtlsim,1,32,1,8,32,timed_batch,poly_reduce,w32_ise,0,1,5901,256,0,0,upstream_c_bitexact,direct_call_and_completion_barrier_excludes_KEM_dispatch,same_C_reduce_arithmetic,1646854,20609824,PASS,ad93676464836120928f6f65d7d25e327dc24c606286ac09bf18d7cdd180a4f6,build32_nttmul/arith_validation/primitive/kernel.vxbin,build32_nttmul/arith_validation/primitive/rv32_rtlsim_m1.log
rtlsim,1,32,1,8,32,timed_batch,poly_reduce,scalar,1,1,47387,256,0,0,scalar_reference,direct_call_and_completion_barrier_excludes_KEM_dispatch,,1646854,20609824,PASS,ad93676464836120928f6f65d7d25e327dc24c606286ac09bf18d7cdd180a4f6,build32_nttmul/arith_validation/primitive/kernel.vxbin,build32_nttmul/arith_validation/primitive/rv32_rtlsim_m1.log
rtlsim,1,32,1,8,32,timed_batch,poly_reduce,w32_c,1,1,5914,256,0,0,upstream_c_bitexact,direct_call_and_completion_barrier_excludes_KEM_dispatch,,1646854,20609824,PASS,ad93676464836120928f6f65d7d25e327dc24c606286ac09bf18d7cdd180a4f6,build32_nttmul/arith_validation/primitive/kernel.vxbin,build32_nttmul/arith_validation/primitive/rv32_rtlsim_m1.log
rtlsim,1,32,1,8,32,timed_batch,poly_reduce,w32_ise,1,1,5966,256,0,0,upstream_c_bitexact,direct_call_and_completion_barrier_excludes_KEM_dispatch,same_C_reduce_arithmetic,1646854,20609824,PASS,ad93676464836120928f6f65d7d25e327dc24c606286ac09bf18d7cdd180a4f6,build32_nttmul/arith_validation/primitive/kernel.vxbin,build32_nttmul/arith_validation/primitive/rv32_rtlsim_m1.log
rtlsim,1,32,1,8,32,timed_batch,poly_reduce,scalar,2,1,47387,256,0,0,scalar_reference,direct_call_and_completion_barrier_excludes_KEM_dispatch,,1646854,20609824,PASS,ad93676464836120928f6f65d7d25e327dc24c606286ac09bf18d7cdd180a4f6,build32_nttmul/arith_validation/primitive/kernel.vxbin,build32_nttmul/arith_validation/primitive/rv32_rtlsim_m1.log
rtlsim,1,32,1,8,32,timed_batch,poly_reduce,w32_c,2,1,5833,256,0,0,upstream_c_bitexact,direct_call_and_completion_barrier_excludes_KEM_dispatch,,1646854,20609824,PASS,ad93676464836120928f6f65d7d25e327dc24c606286ac09bf18d7cdd180a4f6,build32_nttmul/arith_validation/primitive/kernel.vxbin,build32_nttmul/arith_validation/primitive/rv32_rtlsim_m1.log
rtlsim,1,32,1,8,32,timed_batch,poly_reduce,w32_ise,2,1,5885,256,0,0,upstream_c_bitexact,direct_call_and_completion_barrier_excludes_KEM_dispatch,same_C_reduce_arithmetic,1646854,20609824,PASS,ad93676464836120928f6f65d7d25e327dc24c606286ac09bf18d7cdd180a4f6,build32_nttmul/arith_validation/primitive/kernel.vxbin,build32_nttmul/arith_validation/primitive/rv32_rtlsim_m1.log
rtlsim,1,32,1,8,32,timed_batch,poly_reduce,scalar,3,1,47387,256,0,0,scalar_reference,direct_call_and_completion_barrier_excludes_KEM_dispatch,,1646854,20609824,PASS,ad93676464836120928f6f65d7d25e327dc24c606286ac09bf18d7cdd180a4f6,build32_nttmul/arith_validation/primitive/kernel.vxbin,build32_nttmul/arith_validation/primitive/rv32_rtlsim_m1.log
rtlsim,1,32,1,8,32,timed_batch,poly_reduce,w32_c,3,1,5914,256,0,0,upstream_c_bitexact,direct_call_and_completion_barrier_excludes_KEM_dispatch,,1646854,20609824,PASS,ad93676464836120928f6f65d7d25e327dc24c606286ac09bf18d7cdd180a4f6,build32_nttmul/arith_validation/primitive/kernel.vxbin,build32_nttmul/arith_validation/primitive/rv32_rtlsim_m1.log
rtlsim,1,32,1,8,32,timed_batch,poly_reduce,w32_ise,3,1,5970,256,0,0,upstream_c_bitexact,direct_call_and_completion_barrier_excludes_KEM_dispatch,same_C_reduce_arithmetic,1646854,20609824,PASS,ad93676464836120928f6f65d7d25e327dc24c606286ac09bf18d7cdd180a4f6,build32_nttmul/arith_validation/primitive/kernel.vxbin,build32_nttmul/arith_validation/primitive/rv32_rtlsim_m1.log
rtlsim,1,32,1,8,32,timed_batch,poly_reduce,scalar,4,1,47387,256,0,0,scalar_reference,direct_call_and_completion_barrier_excludes_KEM_dispatch,,1646854,20609824,PASS,ad93676464836120928f6f65d7d25e327dc24c606286ac09bf18d7cdd180a4f6,build32_nttmul/arith_validation/primitive/kernel.vxbin,build32_nttmul/arith_validation/primitive/rv32_rtlsim_m1.log
rtlsim,1,32,1,8,32,timed_batch,poly_reduce,w32_c,4,1,5872,256,0,0,upstream_c_bitexact,direct_call_and_completion_barrier_excludes_KEM_dispatch,,1646854,20609824,PASS,ad93676464836120928f6f65d7d25e327dc24c606286ac09bf18d7cdd180a4f6,build32_nttmul/arith_validation/primitive/kernel.vxbin,build32_nttmul/arith_validation/primitive/rv32_rtlsim_m1.log
rtlsim,1,32,1,8,32,timed_batch,poly_reduce,w32_ise,4,1,5983,256,0,0,upstream_c_bitexact,direct_call_and_completion_barrier_excludes_KEM_dispatch,same_C_reduce_arithmetic,1646854,20609824,PASS,ad93676464836120928f6f65d7d25e327dc24c606286ac09bf18d7cdd180a4f6,build32_nttmul/arith_validation/primitive/kernel.vxbin,build32_nttmul/arith_validation/primitive/rv32_rtlsim_m1.log
rtlsim,1,32,1,8,32,timed_batch,poly_reduce,scalar,5,1,47387,256,0,0,scalar_reference,direct_call_and_completion_barrier_excludes_KEM_dispatch,,1646854,20609824,PASS,ad93676464836120928f6f65d7d25e327dc24c606286ac09bf18d7cdd180a4f6,build32_nttmul/arith_validation/primitive/kernel.vxbin,build32_nttmul/arith_validation/primitive/rv32_rtlsim_m1.log
rtlsim,1,32,1,8,32,timed_batch,poly_reduce,w32_c,5,1,5879,256,0,0,upstream_c_bitexact,direct_call_and_completion_barrier_excludes_KEM_dispatch,,1646854,20609824,PASS,ad93676464836120928f6f65d7d25e327dc24c606286ac09bf18d7cdd180a4f6,build32_nttmul/arith_validation/primitive/kernel.vxbin,build32_nttmul/arith_validation/primitive/rv32_rtlsim_m1.log
rtlsim,1,32,1,8,32,timed_batch,poly_reduce,w32_ise,5,1,5944,256,0,0,upstream_c_bitexact,direct_call_and_completion_barrier_excludes_KEM_dispatch,same_C_reduce_arithmetic,1646854,20609824,PASS,ad93676464836120928f6f65d7d25e327dc24c606286ac09bf18d7cdd180a4f6,build32_nttmul/arith_validation/primitive/kernel.vxbin,build32_nttmul/arith_validation/primitive/rv32_rtlsim_m1.log
rtlsim,1,32,1,8,32,timed_batch,poly_reduce,scalar,6,1,47387,256,0,0,scalar_reference,direct_call_and_completion_barrier_excludes_KEM_dispatch,,1646854,20609824,PASS,ad93676464836120928f6f65d7d25e327dc24c606286ac09bf18d7cdd180a4f6,build32_nttmul/arith_validation/primitive/kernel.vxbin,build32_nttmul/arith_validation/primitive/rv32_rtlsim_m1.log
rtlsim,1,32,1,8,32,timed_batch,poly_reduce,w32_c,6,1,5887,256,0,0,upstream_c_bitexact,direct_call_and_completion_barrier_excludes_KEM_dispatch,,1646854,20609824,PASS,ad93676464836120928f6f65d7d25e327dc24c606286ac09bf18d7cdd180a4f6,build32_nttmul/arith_validation/primitive/kernel.vxbin,build32_nttmul/arith_validation/primitive/rv32_rtlsim_m1.log
rtlsim,1,32,1,8,32,timed_batch,poly_reduce,w32_ise,6,1,5932,256,0,0,upstream_c_bitexact,direct_call_and_completion_barrier_excludes_KEM_dispatch,same_C_reduce_arithmetic,1646854,20609824,PASS,ad93676464836120928f6f65d7d25e327dc24c606286ac09bf18d7cdd180a4f6,build32_nttmul/arith_validation/primitive/kernel.vxbin,build32_nttmul/arith_validation/primitive/rv32_rtlsim_m1.log
rtlsim,1,32,1,8,32,timed_batch,poly_reduce,scalar,7,1,47387,256,0,0,scalar_reference,direct_call_and_completion_barrier_excludes_KEM_dispatch,,1646854,20609824,PASS,ad93676464836120928f6f65d7d25e327dc24c606286ac09bf18d7cdd180a4f6,build32_nttmul/arith_validation/primitive/kernel.vxbin,build32_nttmul/arith_validation/primitive/rv32_rtlsim_m1.log
rtlsim,1,32,1,8,32,timed_batch,poly_reduce,w32_c,7,1,5887,256,0,0,upstream_c_bitexact,direct_call_and_completion_barrier_excludes_KEM_dispatch,,1646854,20609824,PASS,ad93676464836120928f6f65d7d25e327dc24c606286ac09bf18d7cdd180a4f6,build32_nttmul/arith_validation/primitive/kernel.vxbin,build32_nttmul/arith_validation/primitive/rv32_rtlsim_m1.log
rtlsim,1,32,1,8,32,timed_batch,poly_reduce,w32_ise,7,1,5983,256,0,0,upstream_c_bitexact,direct_call_and_completion_barrier_excludes_KEM_dispatch,same_C_reduce_arithmetic,1646854,20609824,PASS,ad93676464836120928f6f65d7d25e327dc24c606286ac09bf18d7cdd180a4f6,build32_nttmul/arith_validation/primitive/kernel.vxbin,build32_nttmul/arith_validation/primitive/rv32_rtlsim_m1.log
rtlsim,1,32,1,8,32,exhaustive,poly_reduce,w32_c,,,,65536,0,0,host_modulo_q_all_signed16_inputs,timing_excluded,,1646854,20609824,PASS,ad93676464836120928f6f65d7d25e327dc24c606286ac09bf18d7cdd180a4f6,build32_nttmul/arith_validation/primitive/kernel.vxbin,build32_nttmul/arith_validation/primitive/rv32_rtlsim_m1.log
simx,1,32,1,8,32,timed_batch,mulcache,scalar,0,1,15070,128,128,0,scalar_reference,direct_call_and_completion_barrier_excludes_KEM_dispatch,,1646854,20973979,PASS,ad93676464836120928f6f65d7d25e327dc24c606286ac09bf18d7cdd180a4f6,build32_nttmul/arith_validation/primitive/kernel.vxbin,build32_nttmul/arith_validation/primitive/rv32_simx_m1.log
simx,1,32,1,8,32,timed_batch,mulcache,w32_c,0,1,4598,128,128,0,upstream_c_bitexact,direct_call_and_completion_barrier_excludes_KEM_dispatch,,1646854,20973979,PASS,ad93676464836120928f6f65d7d25e327dc24c606286ac09bf18d7cdd180a4f6,build32_nttmul/arith_validation/primitive/kernel.vxbin,build32_nttmul/arith_validation/primitive/rv32_simx_m1.log
simx,1,32,1,8,32,timed_batch,mulcache,w32_ise,0,1,4470,128,128,0,upstream_c_bitexact,direct_call_and_completion_barrier_excludes_KEM_dispatch,,1646854,20973979,PASS,ad93676464836120928f6f65d7d25e327dc24c606286ac09bf18d7cdd180a4f6,build32_nttmul/arith_validation/primitive/kernel.vxbin,build32_nttmul/arith_validation/primitive/rv32_simx_m1.log
simx,1,32,1,8,32,timed_batch,mulcache,scalar,1,1,15070,128,128,0,scalar_reference,direct_call_and_completion_barrier_excludes_KEM_dispatch,,1646854,20973979,PASS,ad93676464836120928f6f65d7d25e327dc24c606286ac09bf18d7cdd180a4f6,build32_nttmul/arith_validation/primitive/kernel.vxbin,build32_nttmul/arith_validation/primitive/rv32_simx_m1.log
simx,1,32,1,8,32,timed_batch,mulcache,w32_c,1,1,4598,128,128,0,upstream_c_bitexact,direct_call_and_completion_barrier_excludes_KEM_dispatch,,1646854,20973979,PASS,ad93676464836120928f6f65d7d25e327dc24c606286ac09bf18d7cdd180a4f6,build32_nttmul/arith_validation/primitive/kernel.vxbin,build32_nttmul/arith_validation/primitive/rv32_simx_m1.log
simx,1,32,1,8,32,timed_batch,mulcache,w32_ise,1,1,4549,128,128,0,upstream_c_bitexact,direct_call_and_completion_barrier_excludes_KEM_dispatch,,1646854,20973979,PASS,ad93676464836120928f6f65d7d25e327dc24c606286ac09bf18d7cdd180a4f6,build32_nttmul/arith_validation/primitive/kernel.vxbin,build32_nttmul/arith_validation/primitive/rv32_simx_m1.log
simx,1,32,1,8,32,timed_batch,mulcache,scalar,2,1,15070,128,128,0,scalar_reference,direct_call_and_completion_barrier_excludes_KEM_dispatch,,1646854,20973979,PASS,ad93676464836120928f6f65d7d25e327dc24c606286ac09bf18d7cdd180a4f6,build32_nttmul/arith_validation/primitive/kernel.vxbin,build32_nttmul/arith_validation/primitive/rv32_simx_m1.log
simx,1,32,1,8,32,timed_batch,mulcache,w32_c,2,1,4598,128,128,0,upstream_c_bitexact,direct_call_and_completion_barrier_excludes_KEM_dispatch,,1646854,20973979,PASS,ad93676464836120928f6f65d7d25e327dc24c606286ac09bf18d7cdd180a4f6,build32_nttmul/arith_validation/primitive/kernel.vxbin,build32_nttmul/arith_validation/primitive/rv32_simx_m1.log
simx,1,32,1,8,32,timed_batch,mulcache,w32_ise,2,1,4418,128,128,0,upstream_c_bitexact,direct_call_and_completion_barrier_excludes_KEM_dispatch,,1646854,20973979,PASS,ad93676464836120928f6f65d7d25e327dc24c606286ac09bf18d7cdd180a4f6,build32_nttmul/arith_validation/primitive/kernel.vxbin,build32_nttmul/arith_validation/primitive/rv32_simx_m1.log
simx,1,32,1,8,32,timed_batch,mulcache,scalar,3,1,15070,128,128,0,scalar_reference,direct_call_and_completion_barrier_excludes_KEM_dispatch,,1646854,20973979,PASS,ad93676464836120928f6f65d7d25e327dc24c606286ac09bf18d7cdd180a4f6,build32_nttmul/arith_validation/primitive/kernel.vxbin,build32_nttmul/arith_validation/primitive/rv32_simx_m1.log
simx,1,32,1,8,32,timed_batch,mulcache,w32_c,3,1,4598,128,128,0,upstream_c_bitexact,direct_call_and_completion_barrier_excludes_KEM_dispatch,,1646854,20973979,PASS,ad93676464836120928f6f65d7d25e327dc24c606286ac09bf18d7cdd180a4f6,build32_nttmul/arith_validation/primitive/kernel.vxbin,build32_nttmul/arith_validation/primitive/rv32_simx_m1.log
simx,1,32,1,8,32,timed_batch,mulcache,w32_ise,3,1,4474,128,128,0,upstream_c_bitexact,direct_call_and_completion_barrier_excludes_KEM_dispatch,,1646854,20973979,PASS,ad93676464836120928f6f65d7d25e327dc24c606286ac09bf18d7cdd180a4f6,build32_nttmul/arith_validation/primitive/kernel.vxbin,build32_nttmul/arith_validation/primitive/rv32_simx_m1.log
simx,1,32,1,8,32,timed_batch,mulcache,scalar,4,1,15070,128,128,0,scalar_reference,direct_call_and_completion_barrier_excludes_KEM_dispatch,,1646854,20973979,PASS,ad93676464836120928f6f65d7d25e327dc24c606286ac09bf18d7cdd180a4f6,build32_nttmul/arith_validation/primitive/kernel.vxbin,build32_nttmul/arith_validation/primitive/rv32_simx_m1.log
simx,1,32,1,8,32,timed_batch,mulcache,w32_c,4,1,4598,128,128,0,upstream_c_bitexact,direct_call_and_completion_barrier_excludes_KEM_dispatch,,1646854,20973979,PASS,ad93676464836120928f6f65d7d25e327dc24c606286ac09bf18d7cdd180a4f6,build32_nttmul/arith_validation/primitive/kernel.vxbin,build32_nttmul/arith_validation/primitive/rv32_simx_m1.log
simx,1,32,1,8,32,timed_batch,mulcache,w32_ise,4,1,4549,128,128,0,upstream_c_bitexact,direct_call_and_completion_barrier_excludes_KEM_dispatch,,1646854,20973979,PASS,ad93676464836120928f6f65d7d25e327dc24c606286ac09bf18d7cdd180a4f6,build32_nttmul/arith_validation/primitive/kernel.vxbin,build32_nttmul/arith_validation/primitive/rv32_simx_m1.log
simx,1,32,1,8,32,timed_batch,mulcache,scalar,5,1,15070,128,128,0,scalar_reference,direct_call_and_completion_barrier_excludes_KEM_dispatch,,1646854,20973979,PASS,ad93676464836120928f6f65d7d25e327dc24c606286ac09bf18d7cdd180a4f6,build32_nttmul/arith_validation/primitive/kernel.vxbin,build32_nttmul/arith_validation/primitive/rv32_simx_m1.log
simx,1,32,1,8,32,timed_batch,mulcache,w32_c,5,1,4841,128,128,0,upstream_c_bitexact,direct_call_and_completion_barrier_excludes_KEM_dispatch,,1646854,20973979,PASS,ad93676464836120928f6f65d7d25e327dc24c606286ac09bf18d7cdd180a4f6,build32_nttmul/arith_validation/primitive/kernel.vxbin,build32_nttmul/arith_validation/primitive/rv32_simx_m1.log
simx,1,32,1,8,32,timed_batch,mulcache,w32_ise,5,1,4617,128,128,0,upstream_c_bitexact,direct_call_and_completion_barrier_excludes_KEM_dispatch,,1646854,20973979,PASS,ad93676464836120928f6f65d7d25e327dc24c606286ac09bf18d7cdd180a4f6,build32_nttmul/arith_validation/primitive/kernel.vxbin,build32_nttmul/arith_validation/primitive/rv32_simx_m1.log
simx,1,32,1,8,32,timed_batch,mulcache,scalar,6,1,15070,128,128,0,scalar_reference,direct_call_and_completion_barrier_excludes_KEM_dispatch,,1646854,20973979,PASS,ad93676464836120928f6f65d7d25e327dc24c606286ac09bf18d7cdd180a4f6,build32_nttmul/arith_validation/primitive/kernel.vxbin,build32_nttmul/arith_validation/primitive/rv32_simx_m1.log
simx,1,32,1,8,32,timed_batch,mulcache,w32_c,6,1,4671,128,128,0,upstream_c_bitexact,direct_call_and_completion_barrier_excludes_KEM_dispatch,,1646854,20973979,PASS,ad93676464836120928f6f65d7d25e327dc24c606286ac09bf18d7cdd180a4f6,build32_nttmul/arith_validation/primitive/kernel.vxbin,build32_nttmul/arith_validation/primitive/rv32_simx_m1.log
simx,1,32,1,8,32,timed_batch,mulcache,w32_ise,6,1,4617,128,128,0,upstream_c_bitexact,direct_call_and_completion_barrier_excludes_KEM_dispatch,,1646854,20973979,PASS,ad93676464836120928f6f65d7d25e327dc24c606286ac09bf18d7cdd180a4f6,build32_nttmul/arith_validation/primitive/kernel.vxbin,build32_nttmul/arith_validation/primitive/rv32_simx_m1.log
simx,1,32,1,8,32,timed_batch,mulcache,scalar,7,1,15070,128,128,0,scalar_reference,direct_call_and_completion_barrier_excludes_KEM_dispatch,,1646854,20973979,PASS,ad93676464836120928f6f65d7d25e327dc24c606286ac09bf18d7cdd180a4f6,build32_nttmul/arith_validation/primitive/kernel.vxbin,build32_nttmul/arith_validation/primitive/rv32_simx_m1.log
simx,1,32,1,8,32,timed_batch,mulcache,w32_c,7,1,4655,128,128,0,upstream_c_bitexact,direct_call_and_completion_barrier_excludes_KEM_dispatch,,1646854,20973979,PASS,ad93676464836120928f6f65d7d25e327dc24c606286ac09bf18d7cdd180a4f6,build32_nttmul/arith_validation/primitive/kernel.vxbin,build32_nttmul/arith_validation/primitive/rv32_simx_m1.log
simx,1,32,1,8,32,timed_batch,mulcache,w32_ise,7,1,4436,128,128,0,upstream_c_bitexact,direct_call_and_completion_barrier_excludes_KEM_dispatch,,1646854,20973979,PASS,ad93676464836120928f6f65d7d25e327dc24c606286ac09bf18d7cdd180a4f6,build32_nttmul/arith_validation/primitive/kernel.vxbin,build32_nttmul/arith_validation/primitive/rv32_simx_m1.log
simx,1,32,1,8,32,timed_batch,basemul,scalar,0,1,69410,256,0,0,scalar_reference,direct_call_and_completion_barrier_excludes_KEM_dispatch,,1646854,20973979,PASS,ad93676464836120928f6f65d7d25e327dc24c606286ac09bf18d7cdd180a4f6,build32_nttmul/arith_validation/primitive/kernel.vxbin,build32_nttmul/arith_validation/primitive/rv32_simx_m1.log
simx,1,32,1,8,32,timed_batch,basemul,w32_c,0,1,6501,256,0,0,upstream_c_bitexact,direct_call_and_completion_barrier_excludes_KEM_dispatch,,1646854,20973979,PASS,ad93676464836120928f6f65d7d25e327dc24c606286ac09bf18d7cdd180a4f6,build32_nttmul/arith_validation/primitive/kernel.vxbin,build32_nttmul/arith_validation/primitive/rv32_simx_m1.log
simx,1,32,1,8,32,timed_batch,basemul,w32_ise,0,1,6590,256,0,0,upstream_c_bitexact,direct_call_and_completion_barrier_excludes_KEM_dispatch,,1646854,20973979,PASS,ad93676464836120928f6f65d7d25e327dc24c606286ac09bf18d7cdd180a4f6,build32_nttmul/arith_validation/primitive/kernel.vxbin,build32_nttmul/arith_validation/primitive/rv32_simx_m1.log
simx,1,32,1,8,32,timed_batch,basemul,scalar,1,1,69410,256,0,0,scalar_reference,direct_call_and_completion_barrier_excludes_KEM_dispatch,,1646854,20973979,PASS,ad93676464836120928f6f65d7d25e327dc24c606286ac09bf18d7cdd180a4f6,build32_nttmul/arith_validation/primitive/kernel.vxbin,build32_nttmul/arith_validation/primitive/rv32_simx_m1.log
simx,1,32,1,8,32,timed_batch,basemul,w32_c,1,1,6429,256,0,0,upstream_c_bitexact,direct_call_and_completion_barrier_excludes_KEM_dispatch,,1646854,20973979,PASS,ad93676464836120928f6f65d7d25e327dc24c606286ac09bf18d7cdd180a4f6,build32_nttmul/arith_validation/primitive/kernel.vxbin,build32_nttmul/arith_validation/primitive/rv32_simx_m1.log
simx,1,32,1,8,32,timed_batch,basemul,w32_ise,1,1,6623,256,0,0,upstream_c_bitexact,direct_call_and_completion_barrier_excludes_KEM_dispatch,,1646854,20973979,PASS,ad93676464836120928f6f65d7d25e327dc24c606286ac09bf18d7cdd180a4f6,build32_nttmul/arith_validation/primitive/kernel.vxbin,build32_nttmul/arith_validation/primitive/rv32_simx_m1.log
simx,1,32,1,8,32,timed_batch,basemul,scalar,2,1,69410,256,0,0,scalar_reference,direct_call_and_completion_barrier_excludes_KEM_dispatch,,1646854,20973979,PASS,ad93676464836120928f6f65d7d25e327dc24c606286ac09bf18d7cdd180a4f6,build32_nttmul/arith_validation/primitive/kernel.vxbin,build32_nttmul/arith_validation/primitive/rv32_simx_m1.log
simx,1,32,1,8,32,timed_batch,basemul,w32_c,2,1,6429,256,0,0,upstream_c_bitexact,direct_call_and_completion_barrier_excludes_KEM_dispatch,,1646854,20973979,PASS,ad93676464836120928f6f65d7d25e327dc24c606286ac09bf18d7cdd180a4f6,build32_nttmul/arith_validation/primitive/kernel.vxbin,build32_nttmul/arith_validation/primitive/rv32_simx_m1.log
simx,1,32,1,8,32,timed_batch,basemul,w32_ise,2,1,6590,256,0,0,upstream_c_bitexact,direct_call_and_completion_barrier_excludes_KEM_dispatch,,1646854,20973979,PASS,ad93676464836120928f6f65d7d25e327dc24c606286ac09bf18d7cdd180a4f6,build32_nttmul/arith_validation/primitive/kernel.vxbin,build32_nttmul/arith_validation/primitive/rv32_simx_m1.log
simx,1,32,1,8,32,timed_batch,basemul,scalar,3,1,69410,256,0,0,scalar_reference,direct_call_and_completion_barrier_excludes_KEM_dispatch,,1646854,20973979,PASS,ad93676464836120928f6f65d7d25e327dc24c606286ac09bf18d7cdd180a4f6,build32_nttmul/arith_validation/primitive/kernel.vxbin,build32_nttmul/arith_validation/primitive/rv32_simx_m1.log
simx,1,32,1,8,32,timed_batch,basemul,w32_c,3,1,6429,256,0,0,upstream_c_bitexact,direct_call_and_completion_barrier_excludes_KEM_dispatch,,1646854,20973979,PASS,ad93676464836120928f6f65d7d25e327dc24c606286ac09bf18d7cdd180a4f6,build32_nttmul/arith_validation/primitive/kernel.vxbin,build32_nttmul/arith_validation/primitive/rv32_simx_m1.log
simx,1,32,1,8,32,timed_batch,basemul,w32_ise,3,1,6590,256,0,0,upstream_c_bitexact,direct_call_and_completion_barrier_excludes_KEM_dispatch,,1646854,20973979,PASS,ad93676464836120928f6f65d7d25e327dc24c606286ac09bf18d7cdd180a4f6,build32_nttmul/arith_validation/primitive/kernel.vxbin,build32_nttmul/arith_validation/primitive/rv32_simx_m1.log
simx,1,32,1,8,32,timed_batch,basemul,scalar,4,1,69410,256,0,0,scalar_reference,direct_call_and_completion_barrier_excludes_KEM_dispatch,,1646854,20973979,PASS,ad93676464836120928f6f65d7d25e327dc24c606286ac09bf18d7cdd180a4f6,build32_nttmul/arith_validation/primitive/kernel.vxbin,build32_nttmul/arith_validation/primitive/rv32_simx_m1.log
simx,1,32,1,8,32,timed_batch,basemul,w32_c,4,1,6429,256,0,0,upstream_c_bitexact,direct_call_and_completion_barrier_excludes_KEM_dispatch,,1646854,20973979,PASS,ad93676464836120928f6f65d7d25e327dc24c606286ac09bf18d7cdd180a4f6,build32_nttmul/arith_validation/primitive/kernel.vxbin,build32_nttmul/arith_validation/primitive/rv32_simx_m1.log
simx,1,32,1,8,32,timed_batch,basemul,w32_ise,4,1,6590,256,0,0,upstream_c_bitexact,direct_call_and_completion_barrier_excludes_KEM_dispatch,,1646854,20973979,PASS,ad93676464836120928f6f65d7d25e327dc24c606286ac09bf18d7cdd180a4f6,build32_nttmul/arith_validation/primitive/kernel.vxbin,build32_nttmul/arith_validation/primitive/rv32_simx_m1.log
simx,1,32,1,8,32,timed_batch,basemul,scalar,5,1,69410,256,0,0,scalar_reference,direct_call_and_completion_barrier_excludes_KEM_dispatch,,1646854,20973979,PASS,ad93676464836120928f6f65d7d25e327dc24c606286ac09bf18d7cdd180a4f6,build32_nttmul/arith_validation/primitive/kernel.vxbin,build32_nttmul/arith_validation/primitive/rv32_simx_m1.log
simx,1,32,1,8,32,timed_batch,basemul,w32_c,5,1,6446,256,0,0,upstream_c_bitexact,direct_call_and_completion_barrier_excludes_KEM_dispatch,,1646854,20973979,PASS,ad93676464836120928f6f65d7d25e327dc24c606286ac09bf18d7cdd180a4f6,build32_nttmul/arith_validation/primitive/kernel.vxbin,build32_nttmul/arith_validation/primitive/rv32_simx_m1.log
simx,1,32,1,8,32,timed_batch,basemul,w32_ise,5,1,6659,256,0,0,upstream_c_bitexact,direct_call_and_completion_barrier_excludes_KEM_dispatch,,1646854,20973979,PASS,ad93676464836120928f6f65d7d25e327dc24c606286ac09bf18d7cdd180a4f6,build32_nttmul/arith_validation/primitive/kernel.vxbin,build32_nttmul/arith_validation/primitive/rv32_simx_m1.log
simx,1,32,1,8,32,timed_batch,basemul,scalar,6,1,69410,256,0,0,scalar_reference,direct_call_and_completion_barrier_excludes_KEM_dispatch,,1646854,20973979,PASS,ad93676464836120928f6f65d7d25e327dc24c606286ac09bf18d7cdd180a4f6,build32_nttmul/arith_validation/primitive/kernel.vxbin,build32_nttmul/arith_validation/primitive/rv32_simx_m1.log
simx,1,32,1,8,32,timed_batch,basemul,w32_c,6,1,6446,256,0,0,upstream_c_bitexact,direct_call_and_completion_barrier_excludes_KEM_dispatch,,1646854,20973979,PASS,ad93676464836120928f6f65d7d25e327dc24c606286ac09bf18d7cdd180a4f6,build32_nttmul/arith_validation/primitive/kernel.vxbin,build32_nttmul/arith_validation/primitive/rv32_simx_m1.log
simx,1,32,1,8,32,timed_batch,basemul,w32_ise,6,1,6693,256,0,0,upstream_c_bitexact,direct_call_and_completion_barrier_excludes_KEM_dispatch,,1646854,20973979,PASS,ad93676464836120928f6f65d7d25e327dc24c606286ac09bf18d7cdd180a4f6,build32_nttmul/arith_validation/primitive/kernel.vxbin,build32_nttmul/arith_validation/primitive/rv32_simx_m1.log
simx,1,32,1,8,32,timed_batch,basemul,scalar,7,1,69410,256,0,0,scalar_reference,direct_call_and_completion_barrier_excludes_KEM_dispatch,,1646854,20973979,PASS,ad93676464836120928f6f65d7d25e327dc24c606286ac09bf18d7cdd180a4f6,build32_nttmul/arith_validation/primitive/kernel.vxbin,build32_nttmul/arith_validation/primitive/rv32_simx_m1.log
simx,1,32,1,8,32,timed_batch,basemul,w32_c,7,1,6396,256,0,0,upstream_c_bitexact,direct_call_and_completion_barrier_excludes_KEM_dispatch,,1646854,20973979,PASS,ad93676464836120928f6f65d7d25e327dc24c606286ac09bf18d7cdd180a4f6,build32_nttmul/arith_validation/primitive/kernel.vxbin,build32_nttmul/arith_validation/primitive/rv32_simx_m1.log
simx,1,32,1,8,32,timed_batch,basemul,w32_ise,7,1,6655,256,0,0,upstream_c_bitexact,direct_call_and_completion_barrier_excludes_KEM_dispatch,,1646854,20973979,PASS,ad93676464836120928f6f65d7d25e327dc24c606286ac09bf18d7cdd180a4f6,build32_nttmul/arith_validation/primitive/kernel.vxbin,build32_nttmul/arith_validation/primitive/rv32_simx_m1.log
simx,1,32,1,8,32,timed_batch,poly_reduce,scalar,0,1,47141,256,0,0,scalar_reference,direct_call_and_completion_barrier_excludes_KEM_dispatch,,1646854,20973979,PASS,ad93676464836120928f6f65d7d25e327dc24c606286ac09bf18d7cdd180a4f6,build32_nttmul/arith_validation/primitive/kernel.vxbin,build32_nttmul/arith_validation/primitive/rv32_simx_m1.log
simx,1,32,1,8,32,timed_batch,poly_reduce,w32_c,0,1,5503,256,0,0,upstream_c_bitexact,direct_call_and_completion_barrier_excludes_KEM_dispatch,,1646854,20973979,PASS,ad93676464836120928f6f65d7d25e327dc24c606286ac09bf18d7cdd180a4f6,build32_nttmul/arith_validation/primitive/kernel.vxbin,build32_nttmul/arith_validation/primitive/rv32_simx_m1.log
simx,1,32,1,8,32,timed_batch,poly_reduce,w32_ise,0,1,5633,256,0,0,upstream_c_bitexact,direct_call_and_completion_barrier_excludes_KEM_dispatch,same_C_reduce_arithmetic,1646854,20973979,PASS,ad93676464836120928f6f65d7d25e327dc24c606286ac09bf18d7cdd180a4f6,build32_nttmul/arith_validation/primitive/kernel.vxbin,build32_nttmul/arith_validation/primitive/rv32_simx_m1.log
simx,1,32,1,8,32,timed_batch,poly_reduce,scalar,1,1,47141,256,0,0,scalar_reference,direct_call_and_completion_barrier_excludes_KEM_dispatch,,1646854,20973979,PASS,ad93676464836120928f6f65d7d25e327dc24c606286ac09bf18d7cdd180a4f6,build32_nttmul/arith_validation/primitive/kernel.vxbin,build32_nttmul/arith_validation/primitive/rv32_simx_m1.log
simx,1,32,1,8,32,timed_batch,poly_reduce,w32_c,1,1,5503,256,0,0,upstream_c_bitexact,direct_call_and_completion_barrier_excludes_KEM_dispatch,,1646854,20973979,PASS,ad93676464836120928f6f65d7d25e327dc24c606286ac09bf18d7cdd180a4f6,build32_nttmul/arith_validation/primitive/kernel.vxbin,build32_nttmul/arith_validation/primitive/rv32_simx_m1.log
simx,1,32,1,8,32,timed_batch,poly_reduce,w32_ise,1,1,5633,256,0,0,upstream_c_bitexact,direct_call_and_completion_barrier_excludes_KEM_dispatch,same_C_reduce_arithmetic,1646854,20973979,PASS,ad93676464836120928f6f65d7d25e327dc24c606286ac09bf18d7cdd180a4f6,build32_nttmul/arith_validation/primitive/kernel.vxbin,build32_nttmul/arith_validation/primitive/rv32_simx_m1.log
simx,1,32,1,8,32,timed_batch,poly_reduce,scalar,2,1,47141,256,0,0,scalar_reference,direct_call_and_completion_barrier_excludes_KEM_dispatch,,1646854,20973979,PASS,ad93676464836120928f6f65d7d25e327dc24c606286ac09bf18d7cdd180a4f6,build32_nttmul/arith_validation/primitive/kernel.vxbin,build32_nttmul/arith_validation/primitive/rv32_simx_m1.log
simx,1,32,1,8,32,timed_batch,poly_reduce,w32_c,2,1,5503,256,0,0,upstream_c_bitexact,direct_call_and_completion_barrier_excludes_KEM_dispatch,,1646854,20973979,PASS,ad93676464836120928f6f65d7d25e327dc24c606286ac09bf18d7cdd180a4f6,build32_nttmul/arith_validation/primitive/kernel.vxbin,build32_nttmul/arith_validation/primitive/rv32_simx_m1.log
simx,1,32,1,8,32,timed_batch,poly_reduce,w32_ise,2,1,5633,256,0,0,upstream_c_bitexact,direct_call_and_completion_barrier_excludes_KEM_dispatch,same_C_reduce_arithmetic,1646854,20973979,PASS,ad93676464836120928f6f65d7d25e327dc24c606286ac09bf18d7cdd180a4f6,build32_nttmul/arith_validation/primitive/kernel.vxbin,build32_nttmul/arith_validation/primitive/rv32_simx_m1.log
simx,1,32,1,8,32,timed_batch,poly_reduce,scalar,3,1,47141,256,0,0,scalar_reference,direct_call_and_completion_barrier_excludes_KEM_dispatch,,1646854,20973979,PASS,ad93676464836120928f6f65d7d25e327dc24c606286ac09bf18d7cdd180a4f6,build32_nttmul/arith_validation/primitive/kernel.vxbin,build32_nttmul/arith_validation/primitive/rv32_simx_m1.log
simx,1,32,1,8,32,timed_batch,poly_reduce,w32_c,3,1,5503,256,0,0,upstream_c_bitexact,direct_call_and_completion_barrier_excludes_KEM_dispatch,,1646854,20973979,PASS,ad93676464836120928f6f65d7d25e327dc24c606286ac09bf18d7cdd180a4f6,build32_nttmul/arith_validation/primitive/kernel.vxbin,build32_nttmul/arith_validation/primitive/rv32_simx_m1.log
simx,1,32,1,8,32,timed_batch,poly_reduce,w32_ise,3,1,5633,256,0,0,upstream_c_bitexact,direct_call_and_completion_barrier_excludes_KEM_dispatch,same_C_reduce_arithmetic,1646854,20973979,PASS,ad93676464836120928f6f65d7d25e327dc24c606286ac09bf18d7cdd180a4f6,build32_nttmul/arith_validation/primitive/kernel.vxbin,build32_nttmul/arith_validation/primitive/rv32_simx_m1.log
simx,1,32,1,8,32,timed_batch,poly_reduce,scalar,4,1,47141,256,0,0,scalar_reference,direct_call_and_completion_barrier_excludes_KEM_dispatch,,1646854,20973979,PASS,ad93676464836120928f6f65d7d25e327dc24c606286ac09bf18d7cdd180a4f6,build32_nttmul/arith_validation/primitive/kernel.vxbin,build32_nttmul/arith_validation/primitive/rv32_simx_m1.log
simx,1,32,1,8,32,timed_batch,poly_reduce,w32_c,4,1,5503,256,0,0,upstream_c_bitexact,direct_call_and_completion_barrier_excludes_KEM_dispatch,,1646854,20973979,PASS,ad93676464836120928f6f65d7d25e327dc24c606286ac09bf18d7cdd180a4f6,build32_nttmul/arith_validation/primitive/kernel.vxbin,build32_nttmul/arith_validation/primitive/rv32_simx_m1.log
simx,1,32,1,8,32,timed_batch,poly_reduce,w32_ise,4,1,5633,256,0,0,upstream_c_bitexact,direct_call_and_completion_barrier_excludes_KEM_dispatch,same_C_reduce_arithmetic,1646854,20973979,PASS,ad93676464836120928f6f65d7d25e327dc24c606286ac09bf18d7cdd180a4f6,build32_nttmul/arith_validation/primitive/kernel.vxbin,build32_nttmul/arith_validation/primitive/rv32_simx_m1.log
simx,1,32,1,8,32,timed_batch,poly_reduce,scalar,5,1,47141,256,0,0,scalar_reference,direct_call_and_completion_barrier_excludes_KEM_dispatch,,1646854,20973979,PASS,ad93676464836120928f6f65d7d25e327dc24c606286ac09bf18d7cdd180a4f6,build32_nttmul/arith_validation/primitive/kernel.vxbin,build32_nttmul/arith_validation/primitive/rv32_simx_m1.log
simx,1,32,1,8,32,timed_batch,poly_reduce,w32_c,5,1,5497,256,0,0,upstream_c_bitexact,direct_call_and_completion_barrier_excludes_KEM_dispatch,,1646854,20973979,PASS,ad93676464836120928f6f65d7d25e327dc24c606286ac09bf18d7cdd180a4f6,build32_nttmul/arith_validation/primitive/kernel.vxbin,build32_nttmul/arith_validation/primitive/rv32_simx_m1.log
simx,1,32,1,8,32,timed_batch,poly_reduce,w32_ise,5,1,5628,256,0,0,upstream_c_bitexact,direct_call_and_completion_barrier_excludes_KEM_dispatch,same_C_reduce_arithmetic,1646854,20973979,PASS,ad93676464836120928f6f65d7d25e327dc24c606286ac09bf18d7cdd180a4f6,build32_nttmul/arith_validation/primitive/kernel.vxbin,build32_nttmul/arith_validation/primitive/rv32_simx_m1.log
simx,1,32,1,8,32,timed_batch,poly_reduce,scalar,6,1,47141,256,0,0,scalar_reference,direct_call_and_completion_barrier_excludes_KEM_dispatch,,1646854,20973979,PASS,ad93676464836120928f6f65d7d25e327dc24c606286ac09bf18d7cdd180a4f6,build32_nttmul/arith_validation/primitive/kernel.vxbin,build32_nttmul/arith_validation/primitive/rv32_simx_m1.log
simx,1,32,1,8,32,timed_batch,poly_reduce,w32_c,6,1,5517,256,0,0,upstream_c_bitexact,direct_call_and_completion_barrier_excludes_KEM_dispatch,,1646854,20973979,PASS,ad93676464836120928f6f65d7d25e327dc24c606286ac09bf18d7cdd180a4f6,build32_nttmul/arith_validation/primitive/kernel.vxbin,build32_nttmul/arith_validation/primitive/rv32_simx_m1.log
simx,1,32,1,8,32,timed_batch,poly_reduce,w32_ise,6,1,5616,256,0,0,upstream_c_bitexact,direct_call_and_completion_barrier_excludes_KEM_dispatch,same_C_reduce_arithmetic,1646854,20973979,PASS,ad93676464836120928f6f65d7d25e327dc24c606286ac09bf18d7cdd180a4f6,build32_nttmul/arith_validation/primitive/kernel.vxbin,build32_nttmul/arith_validation/primitive/rv32_simx_m1.log
simx,1,32,1,8,32,timed_batch,poly_reduce,scalar,7,1,47141,256,0,0,scalar_reference,direct_call_and_completion_barrier_excludes_KEM_dispatch,,1646854,20973979,PASS,ad93676464836120928f6f65d7d25e327dc24c606286ac09bf18d7cdd180a4f6,build32_nttmul/arith_validation/primitive/kernel.vxbin,build32_nttmul/arith_validation/primitive/rv32_simx_m1.log
simx,1,32,1,8,32,timed_batch,poly_reduce,w32_c,7,1,5568,256,0,0,upstream_c_bitexact,direct_call_and_completion_barrier_excludes_KEM_dispatch,,1646854,20973979,PASS,ad93676464836120928f6f65d7d25e327dc24c606286ac09bf18d7cdd180a4f6,build32_nttmul/arith_validation/primitive/kernel.vxbin,build32_nttmul/arith_validation/primitive/rv32_simx_m1.log
simx,1,32,1,8,32,timed_batch,poly_reduce,w32_ise,7,1,5700,256,0,0,upstream_c_bitexact,direct_call_and_completion_barrier_excludes_KEM_dispatch,same_C_reduce_arithmetic,1646854,20973979,PASS,ad93676464836120928f6f65d7d25e327dc24c606286ac09bf18d7cdd180a4f6,build32_nttmul/arith_validation/primitive/kernel.vxbin,build32_nttmul/arith_validation/primitive/rv32_simx_m1.log
simx,1,32,1,8,32,exhaustive,poly_reduce,w32_c,,,,65536,0,0,host_modulo_q_all_signed16_inputs,timing_excluded,,1646854,20973979,PASS,ad93676464836120928f6f65d7d25e327dc24c606286ac09bf18d7cdd180a4f6,build32_nttmul/arith_validation/primitive/kernel.vxbin,build32_nttmul/arith_validation/primitive/rv32_simx_m1.log
simx,8,32,1,8,32,timed_batch,mulcache,scalar,0,1,23410,1024,1024,0,scalar_reference,direct_call_and_completion_barrier_excludes_KEM_dispatch,,12630064,42325806,PASS,ad93676464836120928f6f65d7d25e327dc24c606286ac09bf18d7cdd180a4f6,build32_nttmul/arith_validation/primitive/kernel.vxbin,build32_nttmul/arith_validation/primitive/rv32_simx_m8.log
simx,8,32,1,8,32,timed_batch,mulcache,w32_c,0,1,36647,1024,1024,0,upstream_c_bitexact,direct_call_and_completion_barrier_excludes_KEM_dispatch,,12630064,42325806,PASS,ad93676464836120928f6f65d7d25e327dc24c606286ac09bf18d7cdd180a4f6,build32_nttmul/arith_validation/primitive/kernel.vxbin,build32_nttmul/arith_validation/primitive/rv32_simx_m8.log
simx,8,32,1,8,32,timed_batch,mulcache,w32_ise,0,1,36630,1024,1024,0,upstream_c_bitexact,direct_call_and_completion_barrier_excludes_KEM_dispatch,,12630064,42325806,PASS,ad93676464836120928f6f65d7d25e327dc24c606286ac09bf18d7cdd180a4f6,build32_nttmul/arith_validation/primitive/kernel.vxbin,build32_nttmul/arith_validation/primitive/rv32_simx_m8.log
simx,8,32,1,8,32,timed_batch,mulcache,scalar,1,1,23681,1024,1024,0,scalar_reference,direct_call_and_completion_barrier_excludes_KEM_dispatch,,12630064,42325806,PASS,ad93676464836120928f6f65d7d25e327dc24c606286ac09bf18d7cdd180a4f6,build32_nttmul/arith_validation/primitive/kernel.vxbin,build32_nttmul/arith_validation/primitive/rv32_simx_m8.log
simx,8,32,1,8,32,timed_batch,mulcache,w32_c,1,1,36550,1024,1024,0,upstream_c_bitexact,direct_call_and_completion_barrier_excludes_KEM_dispatch,,12630064,42325806,PASS,ad93676464836120928f6f65d7d25e327dc24c606286ac09bf18d7cdd180a4f6,build32_nttmul/arith_validation/primitive/kernel.vxbin,build32_nttmul/arith_validation/primitive/rv32_simx_m8.log
simx,8,32,1,8,32,timed_batch,mulcache,w32_ise,1,1,36394,1024,1024,0,upstream_c_bitexact,direct_call_and_completion_barrier_excludes_KEM_dispatch,,12630064,42325806,PASS,ad93676464836120928f6f65d7d25e327dc24c606286ac09bf18d7cdd180a4f6,build32_nttmul/arith_validation/primitive/kernel.vxbin,build32_nttmul/arith_validation/primitive/rv32_simx_m8.log
simx,8,32,1,8,32,timed_batch,mulcache,scalar,2,1,23503,1024,1024,0,scalar_reference,direct_call_and_completion_barrier_excludes_KEM_dispatch,,12630064,42325806,PASS,ad93676464836120928f6f65d7d25e327dc24c606286ac09bf18d7cdd180a4f6,build32_nttmul/arith_validation/primitive/kernel.vxbin,build32_nttmul/arith_validation/primitive/rv32_simx_m8.log
simx,8,32,1,8,32,timed_batch,mulcache,w32_c,2,1,36789,1024,1024,0,upstream_c_bitexact,direct_call_and_completion_barrier_excludes_KEM_dispatch,,12630064,42325806,PASS,ad93676464836120928f6f65d7d25e327dc24c606286ac09bf18d7cdd180a4f6,build32_nttmul/arith_validation/primitive/kernel.vxbin,build32_nttmul/arith_validation/primitive/rv32_simx_m8.log
simx,8,32,1,8,32,timed_batch,mulcache,w32_ise,2,1,36564,1024,1024,0,upstream_c_bitexact,direct_call_and_completion_barrier_excludes_KEM_dispatch,,12630064,42325806,PASS,ad93676464836120928f6f65d7d25e327dc24c606286ac09bf18d7cdd180a4f6,build32_nttmul/arith_validation/primitive/kernel.vxbin,build32_nttmul/arith_validation/primitive/rv32_simx_m8.log
simx,8,32,1,8,32,timed_batch,mulcache,scalar,3,1,23476,1024,1024,0,scalar_reference,direct_call_and_completion_barrier_excludes_KEM_dispatch,,12630064,42325806,PASS,ad93676464836120928f6f65d7d25e327dc24c606286ac09bf18d7cdd180a4f6,build32_nttmul/arith_validation/primitive/kernel.vxbin,build32_nttmul/arith_validation/primitive/rv32_simx_m8.log
simx,8,32,1,8,32,timed_batch,mulcache,w32_c,3,1,36433,1024,1024,0,upstream_c_bitexact,direct_call_and_completion_barrier_excludes_KEM_dispatch,,12630064,42325806,PASS,ad93676464836120928f6f65d7d25e327dc24c606286ac09bf18d7cdd180a4f6,build32_nttmul/arith_validation/primitive/kernel.vxbin,build32_nttmul/arith_validation/primitive/rv32_simx_m8.log
simx,8,32,1,8,32,timed_batch,mulcache,w32_ise,3,1,36464,1024,1024,0,upstream_c_bitexact,direct_call_and_completion_barrier_excludes_KEM_dispatch,,12630064,42325806,PASS,ad93676464836120928f6f65d7d25e327dc24c606286ac09bf18d7cdd180a4f6,build32_nttmul/arith_validation/primitive/kernel.vxbin,build32_nttmul/arith_validation/primitive/rv32_simx_m8.log
simx,8,32,1,8,32,timed_batch,mulcache,scalar,4,1,23292,1024,1024,0,scalar_reference,direct_call_and_completion_barrier_excludes_KEM_dispatch,,12630064,42325806,PASS,ad93676464836120928f6f65d7d25e327dc24c606286ac09bf18d7cdd180a4f6,build32_nttmul/arith_validation/primitive/kernel.vxbin,build32_nttmul/arith_validation/primitive/rv32_simx_m8.log
simx,8,32,1,8,32,timed_batch,mulcache,w32_c,4,1,36398,1024,1024,0,upstream_c_bitexact,direct_call_and_completion_barrier_excludes_KEM_dispatch,,12630064,42325806,PASS,ad93676464836120928f6f65d7d25e327dc24c606286ac09bf18d7cdd180a4f6,build32_nttmul/arith_validation/primitive/kernel.vxbin,build32_nttmul/arith_validation/primitive/rv32_simx_m8.log
simx,8,32,1,8,32,timed_batch,mulcache,w32_ise,4,1,36392,1024,1024,0,upstream_c_bitexact,direct_call_and_completion_barrier_excludes_KEM_dispatch,,12630064,42325806,PASS,ad93676464836120928f6f65d7d25e327dc24c606286ac09bf18d7cdd180a4f6,build32_nttmul/arith_validation/primitive/kernel.vxbin,build32_nttmul/arith_validation/primitive/rv32_simx_m8.log
simx,8,32,1,8,32,timed_batch,mulcache,scalar,5,1,23172,1024,1024,0,scalar_reference,direct_call_and_completion_barrier_excludes_KEM_dispatch,,12630064,42325806,PASS,ad93676464836120928f6f65d7d25e327dc24c606286ac09bf18d7cdd180a4f6,build32_nttmul/arith_validation/primitive/kernel.vxbin,build32_nttmul/arith_validation/primitive/rv32_simx_m8.log
simx,8,32,1,8,32,timed_batch,mulcache,w32_c,5,1,36356,1024,1024,0,upstream_c_bitexact,direct_call_and_completion_barrier_excludes_KEM_dispatch,,12630064,42325806,PASS,ad93676464836120928f6f65d7d25e327dc24c606286ac09bf18d7cdd180a4f6,build32_nttmul/arith_validation/primitive/kernel.vxbin,build32_nttmul/arith_validation/primitive/rv32_simx_m8.log
simx,8,32,1,8,32,timed_batch,mulcache,w32_ise,5,1,36559,1024,1024,0,upstream_c_bitexact,direct_call_and_completion_barrier_excludes_KEM_dispatch,,12630064,42325806,PASS,ad93676464836120928f6f65d7d25e327dc24c606286ac09bf18d7cdd180a4f6,build32_nttmul/arith_validation/primitive/kernel.vxbin,build32_nttmul/arith_validation/primitive/rv32_simx_m8.log
simx,8,32,1,8,32,timed_batch,mulcache,scalar,6,1,23172,1024,1024,0,scalar_reference,direct_call_and_completion_barrier_excludes_KEM_dispatch,,12630064,42325806,PASS,ad93676464836120928f6f65d7d25e327dc24c606286ac09bf18d7cdd180a4f6,build32_nttmul/arith_validation/primitive/kernel.vxbin,build32_nttmul/arith_validation/primitive/rv32_simx_m8.log
simx,8,32,1,8,32,timed_batch,mulcache,w32_c,6,1,36356,1024,1024,0,upstream_c_bitexact,direct_call_and_completion_barrier_excludes_KEM_dispatch,,12630064,42325806,PASS,ad93676464836120928f6f65d7d25e327dc24c606286ac09bf18d7cdd180a4f6,build32_nttmul/arith_validation/primitive/kernel.vxbin,build32_nttmul/arith_validation/primitive/rv32_simx_m8.log
simx,8,32,1,8,32,timed_batch,mulcache,w32_ise,6,1,36634,1024,1024,0,upstream_c_bitexact,direct_call_and_completion_barrier_excludes_KEM_dispatch,,12630064,42325806,PASS,ad93676464836120928f6f65d7d25e327dc24c606286ac09bf18d7cdd180a4f6,build32_nttmul/arith_validation/primitive/kernel.vxbin,build32_nttmul/arith_validation/primitive/rv32_simx_m8.log
simx,8,32,1,8,32,timed_batch,mulcache,scalar,7,1,23365,1024,1024,0,scalar_reference,direct_call_and_completion_barrier_excludes_KEM_dispatch,,12630064,42325806,PASS,ad93676464836120928f6f65d7d25e327dc24c606286ac09bf18d7cdd180a4f6,build32_nttmul/arith_validation/primitive/kernel.vxbin,build32_nttmul/arith_validation/primitive/rv32_simx_m8.log
simx,8,32,1,8,32,timed_batch,mulcache,w32_c,7,1,36511,1024,1024,0,upstream_c_bitexact,direct_call_and_completion_barrier_excludes_KEM_dispatch,,12630064,42325806,PASS,ad93676464836120928f6f65d7d25e327dc24c606286ac09bf18d7cdd180a4f6,build32_nttmul/arith_validation/primitive/kernel.vxbin,build32_nttmul/arith_validation/primitive/rv32_simx_m8.log
simx,8,32,1,8,32,timed_batch,mulcache,w32_ise,7,1,36517,1024,1024,0,upstream_c_bitexact,direct_call_and_completion_barrier_excludes_KEM_dispatch,,12630064,42325806,PASS,ad93676464836120928f6f65d7d25e327dc24c606286ac09bf18d7cdd180a4f6,build32_nttmul/arith_validation/primitive/kernel.vxbin,build32_nttmul/arith_validation/primitive/rv32_simx_m8.log
simx,8,32,1,8,32,timed_batch,basemul,scalar,0,1,111350,2048,0,0,scalar_reference,direct_call_and_completion_barrier_excludes_KEM_dispatch,,12630064,42325806,PASS,ad93676464836120928f6f65d7d25e327dc24c606286ac09bf18d7cdd180a4f6,build32_nttmul/arith_validation/primitive/kernel.vxbin,build32_nttmul/arith_validation/primitive/rv32_simx_m8.log
simx,8,32,1,8,32,timed_batch,basemul,w32_c,0,1,40228,2048,0,0,upstream_c_bitexact,direct_call_and_completion_barrier_excludes_KEM_dispatch,,12630064,42325806,PASS,ad93676464836120928f6f65d7d25e327dc24c606286ac09bf18d7cdd180a4f6,build32_nttmul/arith_validation/primitive/kernel.vxbin,build32_nttmul/arith_validation/primitive/rv32_simx_m8.log
simx,8,32,1,8,32,timed_batch,basemul,w32_ise,0,1,40142,2048,0,0,upstream_c_bitexact,direct_call_and_completion_barrier_excludes_KEM_dispatch,,12630064,42325806,PASS,ad93676464836120928f6f65d7d25e327dc24c606286ac09bf18d7cdd180a4f6,build32_nttmul/arith_validation/primitive/kernel.vxbin,build32_nttmul/arith_validation/primitive/rv32_simx_m8.log
simx,8,32,1,8,32,timed_batch,basemul,scalar,1,1,108531,2048,0,0,scalar_reference,direct_call_and_completion_barrier_excludes_KEM_dispatch,,12630064,42325806,PASS,ad93676464836120928f6f65d7d25e327dc24c606286ac09bf18d7cdd180a4f6,build32_nttmul/arith_validation/primitive/kernel.vxbin,build32_nttmul/arith_validation/primitive/rv32_simx_m8.log
simx,8,32,1,8,32,timed_batch,basemul,w32_c,1,1,40125,2048,0,0,upstream_c_bitexact,direct_call_and_completion_barrier_excludes_KEM_dispatch,,12630064,42325806,PASS,ad93676464836120928f6f65d7d25e327dc24c606286ac09bf18d7cdd180a4f6,build32_nttmul/arith_validation/primitive/kernel.vxbin,build32_nttmul/arith_validation/primitive/rv32_simx_m8.log
simx,8,32,1,8,32,timed_batch,basemul,w32_ise,1,1,40560,2048,0,0,upstream_c_bitexact,direct_call_and_completion_barrier_excludes_KEM_dispatch,,12630064,42325806,PASS,ad93676464836120928f6f65d7d25e327dc24c606286ac09bf18d7cdd180a4f6,build32_nttmul/arith_validation/primitive/kernel.vxbin,build32_nttmul/arith_validation/primitive/rv32_simx_m8.log
simx,8,32,1,8,32,timed_batch,basemul,scalar,2,1,108531,2048,0,0,scalar_reference,direct_call_and_completion_barrier_excludes_KEM_dispatch,,12630064,42325806,PASS,ad93676464836120928f6f65d7d25e327dc24c606286ac09bf18d7cdd180a4f6,build32_nttmul/arith_validation/primitive/kernel.vxbin,build32_nttmul/arith_validation/primitive/rv32_simx_m8.log
simx,8,32,1,8,32,timed_batch,basemul,w32_c,2,1,40484,2048,0,0,upstream_c_bitexact,direct_call_and_completion_barrier_excludes_KEM_dispatch,,12630064,42325806,PASS,ad93676464836120928f6f65d7d25e327dc24c606286ac09bf18d7cdd180a4f6,build32_nttmul/arith_validation/primitive/kernel.vxbin,build32_nttmul/arith_validation/primitive/rv32_simx_m8.log
simx,8,32,1,8,32,timed_batch,basemul,w32_ise,2,1,39504,2048,0,0,upstream_c_bitexact,direct_call_and_completion_barrier_excludes_KEM_dispatch,,12630064,42325806,PASS,ad93676464836120928f6f65d7d25e327dc24c606286ac09bf18d7cdd180a4f6,build32_nttmul/arith_validation/primitive/kernel.vxbin,build32_nttmul/arith_validation/primitive/rv32_simx_m8.log
simx,8,32,1,8,32,timed_batch,basemul,scalar,3,1,111122,2048,0,0,scalar_reference,direct_call_and_completion_barrier_excludes_KEM_dispatch,,12630064,42325806,PASS,ad93676464836120928f6f65d7d25e327dc24c606286ac09bf18d7cdd180a4f6,build32_nttmul/arith_validation/primitive/kernel.vxbin,build32_nttmul/arith_validation/primitive/rv32_simx_m8.log
simx,8,32,1,8,32,timed_batch,basemul,w32_c,3,1,39996,2048,0,0,upstream_c_bitexact,direct_call_and_completion_barrier_excludes_KEM_dispatch,,12630064,42325806,PASS,ad93676464836120928f6f65d7d25e327dc24c606286ac09bf18d7cdd180a4f6,build32_nttmul/arith_validation/primitive/kernel.vxbin,build32_nttmul/arith_validation/primitive/rv32_simx_m8.log
simx,8,32,1,8,32,timed_batch,basemul,w32_ise,3,1,39632,2048,0,0,upstream_c_bitexact,direct_call_and_completion_barrier_excludes_KEM_dispatch,,12630064,42325806,PASS,ad93676464836120928f6f65d7d25e327dc24c606286ac09bf18d7cdd180a4f6,build32_nttmul/arith_validation/primitive/kernel.vxbin,build32_nttmul/arith_validation/primitive/rv32_simx_m8.log
simx,8,32,1,8,32,timed_batch,basemul,scalar,4,1,107274,2048,0,0,scalar_reference,direct_call_and_completion_barrier_excludes_KEM_dispatch,,12630064,42325806,PASS,ad93676464836120928f6f65d7d25e327dc24c606286ac09bf18d7cdd180a4f6,build32_nttmul/arith_validation/primitive/kernel.vxbin,build32_nttmul/arith_validation/primitive/rv32_simx_m8.log
simx,8,32,1,8,32,timed_batch,basemul,w32_c,4,1,40114,2048,0,0,upstream_c_bitexact,direct_call_and_completion_barrier_excludes_KEM_dispatch,,12630064,42325806,PASS,ad93676464836120928f6f65d7d25e327dc24c606286ac09bf18d7cdd180a4f6,build32_nttmul/arith_validation/primitive/kernel.vxbin,build32_nttmul/arith_validation/primitive/rv32_simx_m8.log
simx,8,32,1,8,32,timed_batch,basemul,w32_ise,4,1,39677,2048,0,0,upstream_c_bitexact,direct_call_and_completion_barrier_excludes_KEM_dispatch,,12630064,42325806,PASS,ad93676464836120928f6f65d7d25e327dc24c606286ac09bf18d7cdd180a4f6,build32_nttmul/arith_validation/primitive/kernel.vxbin,build32_nttmul/arith_validation/primitive/rv32_simx_m8.log
simx,8,32,1,8,32,timed_batch,basemul,scalar,5,1,111004,2048,0,0,scalar_reference,direct_call_and_completion_barrier_excludes_KEM_dispatch,,12630064,42325806,PASS,ad93676464836120928f6f65d7d25e327dc24c606286ac09bf18d7cdd180a4f6,build32_nttmul/arith_validation/primitive/kernel.vxbin,build32_nttmul/arith_validation/primitive/rv32_simx_m8.log
simx,8,32,1,8,32,timed_batch,basemul,w32_c,5,1,40036,2048,0,0,upstream_c_bitexact,direct_call_and_completion_barrier_excludes_KEM_dispatch,,12630064,42325806,PASS,ad93676464836120928f6f65d7d25e327dc24c606286ac09bf18d7cdd180a4f6,build32_nttmul/arith_validation/primitive/kernel.vxbin,build32_nttmul/arith_validation/primitive/rv32_simx_m8.log
simx,8,32,1,8,32,timed_batch,basemul,w32_ise,5,1,39965,2048,0,0,upstream_c_bitexact,direct_call_and_completion_barrier_excludes_KEM_dispatch,,12630064,42325806,PASS,ad93676464836120928f6f65d7d25e327dc24c606286ac09bf18d7cdd180a4f6,build32_nttmul/arith_validation/primitive/kernel.vxbin,build32_nttmul/arith_validation/primitive/rv32_simx_m8.log
simx,8,32,1,8,32,timed_batch,basemul,scalar,6,1,111004,2048,0,0,scalar_reference,direct_call_and_completion_barrier_excludes_KEM_dispatch,,12630064,42325806,PASS,ad93676464836120928f6f65d7d25e327dc24c606286ac09bf18d7cdd180a4f6,build32_nttmul/arith_validation/primitive/kernel.vxbin,build32_nttmul/arith_validation/primitive/rv32_simx_m8.log
simx,8,32,1,8,32,timed_batch,basemul,w32_c,6,1,39972,2048,0,0,upstream_c_bitexact,direct_call_and_completion_barrier_excludes_KEM_dispatch,,12630064,42325806,PASS,ad93676464836120928f6f65d7d25e327dc24c606286ac09bf18d7cdd180a4f6,build32_nttmul/arith_validation/primitive/kernel.vxbin,build32_nttmul/arith_validation/primitive/rv32_simx_m8.log
simx,8,32,1,8,32,timed_batch,basemul,w32_ise,6,1,40211,2048,0,0,upstream_c_bitexact,direct_call_and_completion_barrier_excludes_KEM_dispatch,,12630064,42325806,PASS,ad93676464836120928f6f65d7d25e327dc24c606286ac09bf18d7cdd180a4f6,build32_nttmul/arith_validation/primitive/kernel.vxbin,build32_nttmul/arith_validation/primitive/rv32_simx_m8.log
simx,8,32,1,8,32,timed_batch,basemul,scalar,7,1,111004,2048,0,0,scalar_reference,direct_call_and_completion_barrier_excludes_KEM_dispatch,,12630064,42325806,PASS,ad93676464836120928f6f65d7d25e327dc24c606286ac09bf18d7cdd180a4f6,build32_nttmul/arith_validation/primitive/kernel.vxbin,build32_nttmul/arith_validation/primitive/rv32_simx_m8.log
simx,8,32,1,8,32,timed_batch,basemul,w32_c,7,1,40294,2048,0,0,upstream_c_bitexact,direct_call_and_completion_barrier_excludes_KEM_dispatch,,12630064,42325806,PASS,ad93676464836120928f6f65d7d25e327dc24c606286ac09bf18d7cdd180a4f6,build32_nttmul/arith_validation/primitive/kernel.vxbin,build32_nttmul/arith_validation/primitive/rv32_simx_m8.log
simx,8,32,1,8,32,timed_batch,basemul,w32_ise,7,1,40099,2048,0,0,upstream_c_bitexact,direct_call_and_completion_barrier_excludes_KEM_dispatch,,12630064,42325806,PASS,ad93676464836120928f6f65d7d25e327dc24c606286ac09bf18d7cdd180a4f6,build32_nttmul/arith_validation/primitive/kernel.vxbin,build32_nttmul/arith_validation/primitive/rv32_simx_m8.log
simx,8,32,1,8,32,timed_batch,poly_reduce,scalar,0,1,73622,2048,0,0,scalar_reference,direct_call_and_completion_barrier_excludes_KEM_dispatch,,12630064,42325806,PASS,ad93676464836120928f6f65d7d25e327dc24c606286ac09bf18d7cdd180a4f6,build32_nttmul/arith_validation/primitive/kernel.vxbin,build32_nttmul/arith_validation/primitive/rv32_simx_m8.log
simx,8,32,1,8,32,timed_batch,poly_reduce,w32_c,0,1,36760,2048,0,0,upstream_c_bitexact,direct_call_and_completion_barrier_excludes_KEM_dispatch,,12630064,42325806,PASS,ad93676464836120928f6f65d7d25e327dc24c606286ac09bf18d7cdd180a4f6,build32_nttmul/arith_validation/primitive/kernel.vxbin,build32_nttmul/arith_validation/primitive/rv32_simx_m8.log
simx,8,32,1,8,32,timed_batch,poly_reduce,w32_ise,0,1,37144,2048,0,0,upstream_c_bitexact,direct_call_and_completion_barrier_excludes_KEM_dispatch,same_C_reduce_arithmetic,12630064,42325806,PASS,ad93676464836120928f6f65d7d25e327dc24c606286ac09bf18d7cdd180a4f6,build32_nttmul/arith_validation/primitive/kernel.vxbin,build32_nttmul/arith_validation/primitive/rv32_simx_m8.log
simx,8,32,1,8,32,timed_batch,poly_reduce,scalar,1,1,73622,2048,0,0,scalar_reference,direct_call_and_completion_barrier_excludes_KEM_dispatch,,12630064,42325806,PASS,ad93676464836120928f6f65d7d25e327dc24c606286ac09bf18d7cdd180a4f6,build32_nttmul/arith_validation/primitive/kernel.vxbin,build32_nttmul/arith_validation/primitive/rv32_simx_m8.log
simx,8,32,1,8,32,timed_batch,poly_reduce,w32_c,1,1,37354,2048,0,0,upstream_c_bitexact,direct_call_and_completion_barrier_excludes_KEM_dispatch,,12630064,42325806,PASS,ad93676464836120928f6f65d7d25e327dc24c606286ac09bf18d7cdd180a4f6,build32_nttmul/arith_validation/primitive/kernel.vxbin,build32_nttmul/arith_validation/primitive/rv32_simx_m8.log
simx,8,32,1,8,32,timed_batch,poly_reduce,w32_ise,1,1,36865,2048,0,0,upstream_c_bitexact,direct_call_and_completion_barrier_excludes_KEM_dispatch,same_C_reduce_arithmetic,12630064,42325806,PASS,ad93676464836120928f6f65d7d25e327dc24c606286ac09bf18d7cdd180a4f6,build32_nttmul/arith_validation/primitive/kernel.vxbin,build32_nttmul/arith_validation/primitive/rv32_simx_m8.log
simx,8,32,1,8,32,timed_batch,poly_reduce,scalar,2,1,73622,2048,0,0,scalar_reference,direct_call_and_completion_barrier_excludes_KEM_dispatch,,12630064,42325806,PASS,ad93676464836120928f6f65d7d25e327dc24c606286ac09bf18d7cdd180a4f6,build32_nttmul/arith_validation/primitive/kernel.vxbin,build32_nttmul/arith_validation/primitive/rv32_simx_m8.log
simx,8,32,1,8,32,timed_batch,poly_reduce,w32_c,2,1,36760,2048,0,0,upstream_c_bitexact,direct_call_and_completion_barrier_excludes_KEM_dispatch,,12630064,42325806,PASS,ad93676464836120928f6f65d7d25e327dc24c606286ac09bf18d7cdd180a4f6,build32_nttmul/arith_validation/primitive/kernel.vxbin,build32_nttmul/arith_validation/primitive/rv32_simx_m8.log
simx,8,32,1,8,32,timed_batch,poly_reduce,w32_ise,2,1,37144,2048,0,0,upstream_c_bitexact,direct_call_and_completion_barrier_excludes_KEM_dispatch,same_C_reduce_arithmetic,12630064,42325806,PASS,ad93676464836120928f6f65d7d25e327dc24c606286ac09bf18d7cdd180a4f6,build32_nttmul/arith_validation/primitive/kernel.vxbin,build32_nttmul/arith_validation/primitive/rv32_simx_m8.log
simx,8,32,1,8,32,timed_batch,poly_reduce,scalar,3,1,73622,2048,0,0,scalar_reference,direct_call_and_completion_barrier_excludes_KEM_dispatch,,12630064,42325806,PASS,ad93676464836120928f6f65d7d25e327dc24c606286ac09bf18d7cdd180a4f6,build32_nttmul/arith_validation/primitive/kernel.vxbin,build32_nttmul/arith_validation/primitive/rv32_simx_m8.log
simx,8,32,1,8,32,timed_batch,poly_reduce,w32_c,3,1,36497,2048,0,0,upstream_c_bitexact,direct_call_and_completion_barrier_excludes_KEM_dispatch,,12630064,42325806,PASS,ad93676464836120928f6f65d7d25e327dc24c606286ac09bf18d7cdd180a4f6,build32_nttmul/arith_validation/primitive/kernel.vxbin,build32_nttmul/arith_validation/primitive/rv32_simx_m8.log
simx,8,32,1,8,32,timed_batch,poly_reduce,w32_ise,3,1,36865,2048,0,0,upstream_c_bitexact,direct_call_and_completion_barrier_excludes_KEM_dispatch,same_C_reduce_arithmetic,12630064,42325806,PASS,ad93676464836120928f6f65d7d25e327dc24c606286ac09bf18d7cdd180a4f6,build32_nttmul/arith_validation/primitive/kernel.vxbin,build32_nttmul/arith_validation/primitive/rv32_simx_m8.log
simx,8,32,1,8,32,timed_batch,poly_reduce,scalar,4,1,73622,2048,0,0,scalar_reference,direct_call_and_completion_barrier_excludes_KEM_dispatch,,12630064,42325806,PASS,ad93676464836120928f6f65d7d25e327dc24c606286ac09bf18d7cdd180a4f6,build32_nttmul/arith_validation/primitive/kernel.vxbin,build32_nttmul/arith_validation/primitive/rv32_simx_m8.log
simx,8,32,1,8,32,timed_batch,poly_reduce,w32_c,4,1,37354,2048,0,0,upstream_c_bitexact,direct_call_and_completion_barrier_excludes_KEM_dispatch,,12630064,42325806,PASS,ad93676464836120928f6f65d7d25e327dc24c606286ac09bf18d7cdd180a4f6,build32_nttmul/arith_validation/primitive/kernel.vxbin,build32_nttmul/arith_validation/primitive/rv32_simx_m8.log
simx,8,32,1,8,32,timed_batch,poly_reduce,w32_ise,4,1,36865,2048,0,0,upstream_c_bitexact,direct_call_and_completion_barrier_excludes_KEM_dispatch,same_C_reduce_arithmetic,12630064,42325806,PASS,ad93676464836120928f6f65d7d25e327dc24c606286ac09bf18d7cdd180a4f6,build32_nttmul/arith_validation/primitive/kernel.vxbin,build32_nttmul/arith_validation/primitive/rv32_simx_m8.log
simx,8,32,1,8,32,timed_batch,poly_reduce,scalar,5,1,73622,2048,0,0,scalar_reference,direct_call_and_completion_barrier_excludes_KEM_dispatch,,12630064,42325806,PASS,ad93676464836120928f6f65d7d25e327dc24c606286ac09bf18d7cdd180a4f6,build32_nttmul/arith_validation/primitive/kernel.vxbin,build32_nttmul/arith_validation/primitive/rv32_simx_m8.log
simx,8,32,1,8,32,timed_batch,poly_reduce,w32_c,5,1,36928,2048,0,0,upstream_c_bitexact,direct_call_and_completion_barrier_excludes_KEM_dispatch,,12630064,42325806,PASS,ad93676464836120928f6f65d7d25e327dc24c606286ac09bf18d7cdd180a4f6,build32_nttmul/arith_validation/primitive/kernel.vxbin,build32_nttmul/arith_validation/primitive/rv32_simx_m8.log
simx,8,32,1,8,32,timed_batch,poly_reduce,w32_ise,5,1,37059,2048,0,0,upstream_c_bitexact,direct_call_and_completion_barrier_excludes_KEM_dispatch,same_C_reduce_arithmetic,12630064,42325806,PASS,ad93676464836120928f6f65d7d25e327dc24c606286ac09bf18d7cdd180a4f6,build32_nttmul/arith_validation/primitive/kernel.vxbin,build32_nttmul/arith_validation/primitive/rv32_simx_m8.log
simx,8,32,1,8,32,timed_batch,poly_reduce,scalar,6,1,73622,2048,0,0,scalar_reference,direct_call_and_completion_barrier_excludes_KEM_dispatch,,12630064,42325806,PASS,ad93676464836120928f6f65d7d25e327dc24c606286ac09bf18d7cdd180a4f6,build32_nttmul/arith_validation/primitive/kernel.vxbin,build32_nttmul/arith_validation/primitive/rv32_simx_m8.log
simx,8,32,1,8,32,timed_batch,poly_reduce,w32_c,6,1,36928,2048,0,0,upstream_c_bitexact,direct_call_and_completion_barrier_excludes_KEM_dispatch,,12630064,42325806,PASS,ad93676464836120928f6f65d7d25e327dc24c606286ac09bf18d7cdd180a4f6,build32_nttmul/arith_validation/primitive/kernel.vxbin,build32_nttmul/arith_validation/primitive/rv32_simx_m8.log
simx,8,32,1,8,32,timed_batch,poly_reduce,w32_ise,6,1,36865,2048,0,0,upstream_c_bitexact,direct_call_and_completion_barrier_excludes_KEM_dispatch,same_C_reduce_arithmetic,12630064,42325806,PASS,ad93676464836120928f6f65d7d25e327dc24c606286ac09bf18d7cdd180a4f6,build32_nttmul/arith_validation/primitive/kernel.vxbin,build32_nttmul/arith_validation/primitive/rv32_simx_m8.log
simx,8,32,1,8,32,timed_batch,poly_reduce,scalar,7,1,73622,2048,0,0,scalar_reference,direct_call_and_completion_barrier_excludes_KEM_dispatch,,12630064,42325806,PASS,ad93676464836120928f6f65d7d25e327dc24c606286ac09bf18d7cdd180a4f6,build32_nttmul/arith_validation/primitive/kernel.vxbin,build32_nttmul/arith_validation/primitive/rv32_simx_m8.log
simx,8,32,1,8,32,timed_batch,poly_reduce,w32_c,7,1,36760,2048,0,0,upstream_c_bitexact,direct_call_and_completion_barrier_excludes_KEM_dispatch,,12630064,42325806,PASS,ad93676464836120928f6f65d7d25e327dc24c606286ac09bf18d7cdd180a4f6,build32_nttmul/arith_validation/primitive/kernel.vxbin,build32_nttmul/arith_validation/primitive/rv32_simx_m8.log
simx,8,32,1,8,32,timed_batch,poly_reduce,w32_ise,7,1,37144,2048,0,0,upstream_c_bitexact,direct_call_and_completion_barrier_excludes_KEM_dispatch,same_C_reduce_arithmetic,12630064,42325806,PASS,ad93676464836120928f6f65d7d25e327dc24c606286ac09bf18d7cdd180a4f6,build32_nttmul/arith_validation/primitive/kernel.vxbin,build32_nttmul/arith_validation/primitive/rv32_simx_m8.log
simx,8,32,1,8,32,exhaustive,poly_reduce,w32_c,,,,65536,0,0,host_modulo_q_all_signed16_inputs,timing_excluded,,12630064,42325806,PASS,ad93676464836120928f6f65d7d25e327dc24c606286ac09bf18d7cdd180a4f6,build32_nttmul/arith_validation/primitive/kernel.vxbin,build32_nttmul/arith_validation/primitive/rv32_simx_m8.log
xrt,1,32,1,8,32,timed_batch,mulcache,scalar,0,1,14998,128,128,0,scalar_reference,direct_call_and_completion_barrier_excludes_KEM_dispatch,,1646854,23952861,PASS,ad93676464836120928f6f65d7d25e327dc24c606286ac09bf18d7cdd180a4f6,build32_nttmul/arith_validation/primitive/kernel.vxbin,build32_nttmul/arith_validation/primitive/rv32_xrt_m1.log
xrt,1,32,1,8,32,timed_batch,mulcache,w32_c,0,1,8832,128,128,0,upstream_c_bitexact,direct_call_and_completion_barrier_excludes_KEM_dispatch,,1646854,23952861,PASS,ad93676464836120928f6f65d7d25e327dc24c606286ac09bf18d7cdd180a4f6,build32_nttmul/arith_validation/primitive/kernel.vxbin,build32_nttmul/arith_validation/primitive/rv32_xrt_m1.log
xrt,1,32,1,8,32,timed_batch,mulcache,w32_ise,0,1,8481,128,128,0,upstream_c_bitexact,direct_call_and_completion_barrier_excludes_KEM_dispatch,,1646854,23952861,PASS,ad93676464836120928f6f65d7d25e327dc24c606286ac09bf18d7cdd180a4f6,build32_nttmul/arith_validation/primitive/kernel.vxbin,build32_nttmul/arith_validation/primitive/rv32_xrt_m1.log
xrt,1,32,1,8,32,timed_batch,mulcache,scalar,1,1,14998,128,128,0,scalar_reference,direct_call_and_completion_barrier_excludes_KEM_dispatch,,1646854,23952861,PASS,ad93676464836120928f6f65d7d25e327dc24c606286ac09bf18d7cdd180a4f6,build32_nttmul/arith_validation/primitive/kernel.vxbin,build32_nttmul/arith_validation/primitive/rv32_xrt_m1.log
xrt,1,32,1,8,32,timed_batch,mulcache,w32_c,1,1,8832,128,128,0,upstream_c_bitexact,direct_call_and_completion_barrier_excludes_KEM_dispatch,,1646854,23952861,PASS,ad93676464836120928f6f65d7d25e327dc24c606286ac09bf18d7cdd180a4f6,build32_nttmul/arith_validation/primitive/kernel.vxbin,build32_nttmul/arith_validation/primitive/rv32_xrt_m1.log
xrt,1,32,1,8,32,timed_batch,mulcache,w32_ise,1,1,8481,128,128,0,upstream_c_bitexact,direct_call_and_completion_barrier_excludes_KEM_dispatch,,1646854,23952861,PASS,ad93676464836120928f6f65d7d25e327dc24c606286ac09bf18d7cdd180a4f6,build32_nttmul/arith_validation/primitive/kernel.vxbin,build32_nttmul/arith_validation/primitive/rv32_xrt_m1.log
xrt,1,32,1,8,32,timed_batch,mulcache,scalar,2,1,14998,128,128,0,scalar_reference,direct_call_and_completion_barrier_excludes_KEM_dispatch,,1646854,23952861,PASS,ad93676464836120928f6f65d7d25e327dc24c606286ac09bf18d7cdd180a4f6,build32_nttmul/arith_validation/primitive/kernel.vxbin,build32_nttmul/arith_validation/primitive/rv32_xrt_m1.log
xrt,1,32,1,8,32,timed_batch,mulcache,w32_c,2,1,8832,128,128,0,upstream_c_bitexact,direct_call_and_completion_barrier_excludes_KEM_dispatch,,1646854,23952861,PASS,ad93676464836120928f6f65d7d25e327dc24c606286ac09bf18d7cdd180a4f6,build32_nttmul/arith_validation/primitive/kernel.vxbin,build32_nttmul/arith_validation/primitive/rv32_xrt_m1.log
xrt,1,32,1,8,32,timed_batch,mulcache,w32_ise,2,1,8481,128,128,0,upstream_c_bitexact,direct_call_and_completion_barrier_excludes_KEM_dispatch,,1646854,23952861,PASS,ad93676464836120928f6f65d7d25e327dc24c606286ac09bf18d7cdd180a4f6,build32_nttmul/arith_validation/primitive/kernel.vxbin,build32_nttmul/arith_validation/primitive/rv32_xrt_m1.log
xrt,1,32,1,8,32,timed_batch,mulcache,scalar,3,1,14998,128,128,0,scalar_reference,direct_call_and_completion_barrier_excludes_KEM_dispatch,,1646854,23952861,PASS,ad93676464836120928f6f65d7d25e327dc24c606286ac09bf18d7cdd180a4f6,build32_nttmul/arith_validation/primitive/kernel.vxbin,build32_nttmul/arith_validation/primitive/rv32_xrt_m1.log
xrt,1,32,1,8,32,timed_batch,mulcache,w32_c,3,1,8832,128,128,0,upstream_c_bitexact,direct_call_and_completion_barrier_excludes_KEM_dispatch,,1646854,23952861,PASS,ad93676464836120928f6f65d7d25e327dc24c606286ac09bf18d7cdd180a4f6,build32_nttmul/arith_validation/primitive/kernel.vxbin,build32_nttmul/arith_validation/primitive/rv32_xrt_m1.log
xrt,1,32,1,8,32,timed_batch,mulcache,w32_ise,3,1,8481,128,128,0,upstream_c_bitexact,direct_call_and_completion_barrier_excludes_KEM_dispatch,,1646854,23952861,PASS,ad93676464836120928f6f65d7d25e327dc24c606286ac09bf18d7cdd180a4f6,build32_nttmul/arith_validation/primitive/kernel.vxbin,build32_nttmul/arith_validation/primitive/rv32_xrt_m1.log
xrt,1,32,1,8,32,timed_batch,mulcache,scalar,4,1,14998,128,128,0,scalar_reference,direct_call_and_completion_barrier_excludes_KEM_dispatch,,1646854,23952861,PASS,ad93676464836120928f6f65d7d25e327dc24c606286ac09bf18d7cdd180a4f6,build32_nttmul/arith_validation/primitive/kernel.vxbin,build32_nttmul/arith_validation/primitive/rv32_xrt_m1.log
xrt,1,32,1,8,32,timed_batch,mulcache,w32_c,4,1,8832,128,128,0,upstream_c_bitexact,direct_call_and_completion_barrier_excludes_KEM_dispatch,,1646854,23952861,PASS,ad93676464836120928f6f65d7d25e327dc24c606286ac09bf18d7cdd180a4f6,build32_nttmul/arith_validation/primitive/kernel.vxbin,build32_nttmul/arith_validation/primitive/rv32_xrt_m1.log
xrt,1,32,1,8,32,timed_batch,mulcache,w32_ise,4,1,8481,128,128,0,upstream_c_bitexact,direct_call_and_completion_barrier_excludes_KEM_dispatch,,1646854,23952861,PASS,ad93676464836120928f6f65d7d25e327dc24c606286ac09bf18d7cdd180a4f6,build32_nttmul/arith_validation/primitive/kernel.vxbin,build32_nttmul/arith_validation/primitive/rv32_xrt_m1.log
xrt,1,32,1,8,32,timed_batch,mulcache,scalar,5,1,14998,128,128,0,scalar_reference,direct_call_and_completion_barrier_excludes_KEM_dispatch,,1646854,23952861,PASS,ad93676464836120928f6f65d7d25e327dc24c606286ac09bf18d7cdd180a4f6,build32_nttmul/arith_validation/primitive/kernel.vxbin,build32_nttmul/arith_validation/primitive/rv32_xrt_m1.log
xrt,1,32,1,8,32,timed_batch,mulcache,w32_c,5,1,8908,128,128,0,upstream_c_bitexact,direct_call_and_completion_barrier_excludes_KEM_dispatch,,1646854,23952861,PASS,ad93676464836120928f6f65d7d25e327dc24c606286ac09bf18d7cdd180a4f6,build32_nttmul/arith_validation/primitive/kernel.vxbin,build32_nttmul/arith_validation/primitive/rv32_xrt_m1.log
xrt,1,32,1,8,32,timed_batch,mulcache,w32_ise,5,1,8626,128,128,0,upstream_c_bitexact,direct_call_and_completion_barrier_excludes_KEM_dispatch,,1646854,23952861,PASS,ad93676464836120928f6f65d7d25e327dc24c606286ac09bf18d7cdd180a4f6,build32_nttmul/arith_validation/primitive/kernel.vxbin,build32_nttmul/arith_validation/primitive/rv32_xrt_m1.log
xrt,1,32,1,8,32,timed_batch,mulcache,scalar,6,1,14998,128,128,0,scalar_reference,direct_call_and_completion_barrier_excludes_KEM_dispatch,,1646854,23952861,PASS,ad93676464836120928f6f65d7d25e327dc24c606286ac09bf18d7cdd180a4f6,build32_nttmul/arith_validation/primitive/kernel.vxbin,build32_nttmul/arith_validation/primitive/rv32_xrt_m1.log
xrt,1,32,1,8,32,timed_batch,mulcache,w32_c,6,1,8908,128,128,0,upstream_c_bitexact,direct_call_and_completion_barrier_excludes_KEM_dispatch,,1646854,23952861,PASS,ad93676464836120928f6f65d7d25e327dc24c606286ac09bf18d7cdd180a4f6,build32_nttmul/arith_validation/primitive/kernel.vxbin,build32_nttmul/arith_validation/primitive/rv32_xrt_m1.log
xrt,1,32,1,8,32,timed_batch,mulcache,w32_ise,6,1,8767,128,128,0,upstream_c_bitexact,direct_call_and_completion_barrier_excludes_KEM_dispatch,,1646854,23952861,PASS,ad93676464836120928f6f65d7d25e327dc24c606286ac09bf18d7cdd180a4f6,build32_nttmul/arith_validation/primitive/kernel.vxbin,build32_nttmul/arith_validation/primitive/rv32_xrt_m1.log
xrt,1,32,1,8,32,timed_batch,mulcache,scalar,7,1,14998,128,128,0,scalar_reference,direct_call_and_completion_barrier_excludes_KEM_dispatch,,1646854,23952861,PASS,ad93676464836120928f6f65d7d25e327dc24c606286ac09bf18d7cdd180a4f6,build32_nttmul/arith_validation/primitive/kernel.vxbin,build32_nttmul/arith_validation/primitive/rv32_xrt_m1.log
xrt,1,32,1,8,32,timed_batch,mulcache,w32_c,7,1,9016,128,128,0,upstream_c_bitexact,direct_call_and_completion_barrier_excludes_KEM_dispatch,,1646854,23952861,PASS,ad93676464836120928f6f65d7d25e327dc24c606286ac09bf18d7cdd180a4f6,build32_nttmul/arith_validation/primitive/kernel.vxbin,build32_nttmul/arith_validation/primitive/rv32_xrt_m1.log
xrt,1,32,1,8,32,timed_batch,mulcache,w32_ise,7,1,8767,128,128,0,upstream_c_bitexact,direct_call_and_completion_barrier_excludes_KEM_dispatch,,1646854,23952861,PASS,ad93676464836120928f6f65d7d25e327dc24c606286ac09bf18d7cdd180a4f6,build32_nttmul/arith_validation/primitive/kernel.vxbin,build32_nttmul/arith_validation/primitive/rv32_xrt_m1.log
xrt,1,32,1,8,32,timed_batch,basemul,scalar,0,1,68886,256,0,0,scalar_reference,direct_call_and_completion_barrier_excludes_KEM_dispatch,,1646854,23952861,PASS,ad93676464836120928f6f65d7d25e327dc24c606286ac09bf18d7cdd180a4f6,build32_nttmul/arith_validation/primitive/kernel.vxbin,build32_nttmul/arith_validation/primitive/rv32_xrt_m1.log
xrt,1,32,1,8,32,timed_batch,basemul,w32_c,0,1,10861,256,0,0,upstream_c_bitexact,direct_call_and_completion_barrier_excludes_KEM_dispatch,,1646854,23952861,PASS,ad93676464836120928f6f65d7d25e327dc24c606286ac09bf18d7cdd180a4f6,build32_nttmul/arith_validation/primitive/kernel.vxbin,build32_nttmul/arith_validation/primitive/rv32_xrt_m1.log
xrt,1,32,1,8,32,timed_batch,basemul,w32_ise,0,1,10925,256,0,0,upstream_c_bitexact,direct_call_and_completion_barrier_excludes_KEM_dispatch,,1646854,23952861,PASS,ad93676464836120928f6f65d7d25e327dc24c606286ac09bf18d7cdd180a4f6,build32_nttmul/arith_validation/primitive/kernel.vxbin,build32_nttmul/arith_validation/primitive/rv32_xrt_m1.log
xrt,1,32,1,8,32,timed_batch,basemul,scalar,1,1,68886,256,0,0,scalar_reference,direct_call_and_completion_barrier_excludes_KEM_dispatch,,1646854,23952861,PASS,ad93676464836120928f6f65d7d25e327dc24c606286ac09bf18d7cdd180a4f6,build32_nttmul/arith_validation/primitive/kernel.vxbin,build32_nttmul/arith_validation/primitive/rv32_xrt_m1.log
xrt,1,32,1,8,32,timed_batch,basemul,w32_c,1,1,10861,256,0,0,upstream_c_bitexact,direct_call_and_completion_barrier_excludes_KEM_dispatch,,1646854,23952861,PASS,ad93676464836120928f6f65d7d25e327dc24c606286ac09bf18d7cdd180a4f6,build32_nttmul/arith_validation/primitive/kernel.vxbin,build32_nttmul/arith_validation/primitive/rv32_xrt_m1.log
xrt,1,32,1,8,32,timed_batch,basemul,w32_ise,1,1,10925,256,0,0,upstream_c_bitexact,direct_call_and_completion_barrier_excludes_KEM_dispatch,,1646854,23952861,PASS,ad93676464836120928f6f65d7d25e327dc24c606286ac09bf18d7cdd180a4f6,build32_nttmul/arith_validation/primitive/kernel.vxbin,build32_nttmul/arith_validation/primitive/rv32_xrt_m1.log
xrt,1,32,1,8,32,timed_batch,basemul,scalar,2,1,68886,256,0,0,scalar_reference,direct_call_and_completion_barrier_excludes_KEM_dispatch,,1646854,23952861,PASS,ad93676464836120928f6f65d7d25e327dc24c606286ac09bf18d7cdd180a4f6,build32_nttmul/arith_validation/primitive/kernel.vxbin,build32_nttmul/arith_validation/primitive/rv32_xrt_m1.log
xrt,1,32,1,8,32,timed_batch,basemul,w32_c,2,1,10861,256,0,0,upstream_c_bitexact,direct_call_and_completion_barrier_excludes_KEM_dispatch,,1646854,23952861,PASS,ad93676464836120928f6f65d7d25e327dc24c606286ac09bf18d7cdd180a4f6,build32_nttmul/arith_validation/primitive/kernel.vxbin,build32_nttmul/arith_validation/primitive/rv32_xrt_m1.log
xrt,1,32,1,8,32,timed_batch,basemul,w32_ise,2,1,10925,256,0,0,upstream_c_bitexact,direct_call_and_completion_barrier_excludes_KEM_dispatch,,1646854,23952861,PASS,ad93676464836120928f6f65d7d25e327dc24c606286ac09bf18d7cdd180a4f6,build32_nttmul/arith_validation/primitive/kernel.vxbin,build32_nttmul/arith_validation/primitive/rv32_xrt_m1.log
xrt,1,32,1,8,32,timed_batch,basemul,scalar,3,1,68886,256,0,0,scalar_reference,direct_call_and_completion_barrier_excludes_KEM_dispatch,,1646854,23952861,PASS,ad93676464836120928f6f65d7d25e327dc24c606286ac09bf18d7cdd180a4f6,build32_nttmul/arith_validation/primitive/kernel.vxbin,build32_nttmul/arith_validation/primitive/rv32_xrt_m1.log
xrt,1,32,1,8,32,timed_batch,basemul,w32_c,3,1,10861,256,0,0,upstream_c_bitexact,direct_call_and_completion_barrier_excludes_KEM_dispatch,,1646854,23952861,PASS,ad93676464836120928f6f65d7d25e327dc24c606286ac09bf18d7cdd180a4f6,build32_nttmul/arith_validation/primitive/kernel.vxbin,build32_nttmul/arith_validation/primitive/rv32_xrt_m1.log
xrt,1,32,1,8,32,timed_batch,basemul,w32_ise,3,1,10925,256,0,0,upstream_c_bitexact,direct_call_and_completion_barrier_excludes_KEM_dispatch,,1646854,23952861,PASS,ad93676464836120928f6f65d7d25e327dc24c606286ac09bf18d7cdd180a4f6,build32_nttmul/arith_validation/primitive/kernel.vxbin,build32_nttmul/arith_validation/primitive/rv32_xrt_m1.log
xrt,1,32,1,8,32,timed_batch,basemul,scalar,4,1,68886,256,0,0,scalar_reference,direct_call_and_completion_barrier_excludes_KEM_dispatch,,1646854,23952861,PASS,ad93676464836120928f6f65d7d25e327dc24c606286ac09bf18d7cdd180a4f6,build32_nttmul/arith_validation/primitive/kernel.vxbin,build32_nttmul/arith_validation/primitive/rv32_xrt_m1.log
xrt,1,32,1,8,32,timed_batch,basemul,w32_c,4,1,10861,256,0,0,upstream_c_bitexact,direct_call_and_completion_barrier_excludes_KEM_dispatch,,1646854,23952861,PASS,ad93676464836120928f6f65d7d25e327dc24c606286ac09bf18d7cdd180a4f6,build32_nttmul/arith_validation/primitive/kernel.vxbin,build32_nttmul/arith_validation/primitive/rv32_xrt_m1.log
xrt,1,32,1,8,32,timed_batch,basemul,w32_ise,4,1,10925,256,0,0,upstream_c_bitexact,direct_call_and_completion_barrier_excludes_KEM_dispatch,,1646854,23952861,PASS,ad93676464836120928f6f65d7d25e327dc24c606286ac09bf18d7cdd180a4f6,build32_nttmul/arith_validation/primitive/kernel.vxbin,build32_nttmul/arith_validation/primitive/rv32_xrt_m1.log
xrt,1,32,1,8,32,timed_batch,basemul,scalar,5,1,68886,256,0,0,scalar_reference,direct_call_and_completion_barrier_excludes_KEM_dispatch,,1646854,23952861,PASS,ad93676464836120928f6f65d7d25e327dc24c606286ac09bf18d7cdd180a4f6,build32_nttmul/arith_validation/primitive/kernel.vxbin,build32_nttmul/arith_validation/primitive/rv32_xrt_m1.log
xrt,1,32,1,8,32,timed_batch,basemul,w32_c,5,1,10861,256,0,0,upstream_c_bitexact,direct_call_and_completion_barrier_excludes_KEM_dispatch,,1646854,23952861,PASS,ad93676464836120928f6f65d7d25e327dc24c606286ac09bf18d7cdd180a4f6,build32_nttmul/arith_validation/primitive/kernel.vxbin,build32_nttmul/arith_validation/primitive/rv32_xrt_m1.log
xrt,1,32,1,8,32,timed_batch,basemul,w32_ise,5,1,10925,256,0,0,upstream_c_bitexact,direct_call_and_completion_barrier_excludes_KEM_dispatch,,1646854,23952861,PASS,ad93676464836120928f6f65d7d25e327dc24c606286ac09bf18d7cdd180a4f6,build32_nttmul/arith_validation/primitive/kernel.vxbin,build32_nttmul/arith_validation/primitive/rv32_xrt_m1.log
xrt,1,32,1,8,32,timed_batch,basemul,scalar,6,1,68886,256,0,0,scalar_reference,direct_call_and_completion_barrier_excludes_KEM_dispatch,,1646854,23952861,PASS,ad93676464836120928f6f65d7d25e327dc24c606286ac09bf18d7cdd180a4f6,build32_nttmul/arith_validation/primitive/kernel.vxbin,build32_nttmul/arith_validation/primitive/rv32_xrt_m1.log
xrt,1,32,1,8,32,timed_batch,basemul,w32_c,6,1,10861,256,0,0,upstream_c_bitexact,direct_call_and_completion_barrier_excludes_KEM_dispatch,,1646854,23952861,PASS,ad93676464836120928f6f65d7d25e327dc24c606286ac09bf18d7cdd180a4f6,build32_nttmul/arith_validation/primitive/kernel.vxbin,build32_nttmul/arith_validation/primitive/rv32_xrt_m1.log
xrt,1,32,1,8,32,timed_batch,basemul,w32_ise,6,1,10925,256,0,0,upstream_c_bitexact,direct_call_and_completion_barrier_excludes_KEM_dispatch,,1646854,23952861,PASS,ad93676464836120928f6f65d7d25e327dc24c606286ac09bf18d7cdd180a4f6,build32_nttmul/arith_validation/primitive/kernel.vxbin,build32_nttmul/arith_validation/primitive/rv32_xrt_m1.log
xrt,1,32,1,8,32,timed_batch,basemul,scalar,7,1,68886,256,0,0,scalar_reference,direct_call_and_completion_barrier_excludes_KEM_dispatch,,1646854,23952861,PASS,ad93676464836120928f6f65d7d25e327dc24c606286ac09bf18d7cdd180a4f6,build32_nttmul/arith_validation/primitive/kernel.vxbin,build32_nttmul/arith_validation/primitive/rv32_xrt_m1.log
xrt,1,32,1,8,32,timed_batch,basemul,w32_c,7,1,10861,256,0,0,upstream_c_bitexact,direct_call_and_completion_barrier_excludes_KEM_dispatch,,1646854,23952861,PASS,ad93676464836120928f6f65d7d25e327dc24c606286ac09bf18d7cdd180a4f6,build32_nttmul/arith_validation/primitive/kernel.vxbin,build32_nttmul/arith_validation/primitive/rv32_xrt_m1.log
xrt,1,32,1,8,32,timed_batch,basemul,w32_ise,7,1,10925,256,0,0,upstream_c_bitexact,direct_call_and_completion_barrier_excludes_KEM_dispatch,,1646854,23952861,PASS,ad93676464836120928f6f65d7d25e327dc24c606286ac09bf18d7cdd180a4f6,build32_nttmul/arith_validation/primitive/kernel.vxbin,build32_nttmul/arith_validation/primitive/rv32_xrt_m1.log
xrt,1,32,1,8,32,timed_batch,poly_reduce,scalar,0,1,47387,256,0,0,scalar_reference,direct_call_and_completion_barrier_excludes_KEM_dispatch,,1646854,23952861,PASS,ad93676464836120928f6f65d7d25e327dc24c606286ac09bf18d7cdd180a4f6,build32_nttmul/arith_validation/primitive/kernel.vxbin,build32_nttmul/arith_validation/primitive/rv32_xrt_m1.log
xrt,1,32,1,8,32,timed_batch,poly_reduce,w32_c,0,1,9947,256,0,0,upstream_c_bitexact,direct_call_and_completion_barrier_excludes_KEM_dispatch,,1646854,23952861,PASS,ad93676464836120928f6f65d7d25e327dc24c606286ac09bf18d7cdd180a4f6,build32_nttmul/arith_validation/primitive/kernel.vxbin,build32_nttmul/arith_validation/primitive/rv32_xrt_m1.log
xrt,1,32,1,8,32,timed_batch,poly_reduce,w32_ise,0,1,9844,256,0,0,upstream_c_bitexact,direct_call_and_completion_barrier_excludes_KEM_dispatch,same_C_reduce_arithmetic,1646854,23952861,PASS,ad93676464836120928f6f65d7d25e327dc24c606286ac09bf18d7cdd180a4f6,build32_nttmul/arith_validation/primitive/kernel.vxbin,build32_nttmul/arith_validation/primitive/rv32_xrt_m1.log
xrt,1,32,1,8,32,timed_batch,poly_reduce,scalar,1,1,47387,256,0,0,scalar_reference,direct_call_and_completion_barrier_excludes_KEM_dispatch,,1646854,23952861,PASS,ad93676464836120928f6f65d7d25e327dc24c606286ac09bf18d7cdd180a4f6,build32_nttmul/arith_validation/primitive/kernel.vxbin,build32_nttmul/arith_validation/primitive/rv32_xrt_m1.log
xrt,1,32,1,8,32,timed_batch,poly_reduce,w32_c,1,1,9947,256,0,0,upstream_c_bitexact,direct_call_and_completion_barrier_excludes_KEM_dispatch,,1646854,23952861,PASS,ad93676464836120928f6f65d7d25e327dc24c606286ac09bf18d7cdd180a4f6,build32_nttmul/arith_validation/primitive/kernel.vxbin,build32_nttmul/arith_validation/primitive/rv32_xrt_m1.log
xrt,1,32,1,8,32,timed_batch,poly_reduce,w32_ise,1,1,9844,256,0,0,upstream_c_bitexact,direct_call_and_completion_barrier_excludes_KEM_dispatch,same_C_reduce_arithmetic,1646854,23952861,PASS,ad93676464836120928f6f65d7d25e327dc24c606286ac09bf18d7cdd180a4f6,build32_nttmul/arith_validation/primitive/kernel.vxbin,build32_nttmul/arith_validation/primitive/rv32_xrt_m1.log
xrt,1,32,1,8,32,timed_batch,poly_reduce,scalar,2,1,47387,256,0,0,scalar_reference,direct_call_and_completion_barrier_excludes_KEM_dispatch,,1646854,23952861,PASS,ad93676464836120928f6f65d7d25e327dc24c606286ac09bf18d7cdd180a4f6,build32_nttmul/arith_validation/primitive/kernel.vxbin,build32_nttmul/arith_validation/primitive/rv32_xrt_m1.log
xrt,1,32,1,8,32,timed_batch,poly_reduce,w32_c,2,1,9947,256,0,0,upstream_c_bitexact,direct_call_and_completion_barrier_excludes_KEM_dispatch,,1646854,23952861,PASS,ad93676464836120928f6f65d7d25e327dc24c606286ac09bf18d7cdd180a4f6,build32_nttmul/arith_validation/primitive/kernel.vxbin,build32_nttmul/arith_validation/primitive/rv32_xrt_m1.log
xrt,1,32,1,8,32,timed_batch,poly_reduce,w32_ise,2,1,9844,256,0,0,upstream_c_bitexact,direct_call_and_completion_barrier_excludes_KEM_dispatch,same_C_reduce_arithmetic,1646854,23952861,PASS,ad93676464836120928f6f65d7d25e327dc24c606286ac09bf18d7cdd180a4f6,build32_nttmul/arith_validation/primitive/kernel.vxbin,build32_nttmul/arith_validation/primitive/rv32_xrt_m1.log
xrt,1,32,1,8,32,timed_batch,poly_reduce,scalar,3,1,47387,256,0,0,scalar_reference,direct_call_and_completion_barrier_excludes_KEM_dispatch,,1646854,23952861,PASS,ad93676464836120928f6f65d7d25e327dc24c606286ac09bf18d7cdd180a4f6,build32_nttmul/arith_validation/primitive/kernel.vxbin,build32_nttmul/arith_validation/primitive/rv32_xrt_m1.log
xrt,1,32,1,8,32,timed_batch,poly_reduce,w32_c,3,1,9947,256,0,0,upstream_c_bitexact,direct_call_and_completion_barrier_excludes_KEM_dispatch,,1646854,23952861,PASS,ad93676464836120928f6f65d7d25e327dc24c606286ac09bf18d7cdd180a4f6,build32_nttmul/arith_validation/primitive/kernel.vxbin,build32_nttmul/arith_validation/primitive/rv32_xrt_m1.log
xrt,1,32,1,8,32,timed_batch,poly_reduce,w32_ise,3,1,9844,256,0,0,upstream_c_bitexact,direct_call_and_completion_barrier_excludes_KEM_dispatch,same_C_reduce_arithmetic,1646854,23952861,PASS,ad93676464836120928f6f65d7d25e327dc24c606286ac09bf18d7cdd180a4f6,build32_nttmul/arith_validation/primitive/kernel.vxbin,build32_nttmul/arith_validation/primitive/rv32_xrt_m1.log
xrt,1,32,1,8,32,timed_batch,poly_reduce,scalar,4,1,47387,256,0,0,scalar_reference,direct_call_and_completion_barrier_excludes_KEM_dispatch,,1646854,23952861,PASS,ad93676464836120928f6f65d7d25e327dc24c606286ac09bf18d7cdd180a4f6,build32_nttmul/arith_validation/primitive/kernel.vxbin,build32_nttmul/arith_validation/primitive/rv32_xrt_m1.log
xrt,1,32,1,8,32,timed_batch,poly_reduce,w32_c,4,1,9947,256,0,0,upstream_c_bitexact,direct_call_and_completion_barrier_excludes_KEM_dispatch,,1646854,23952861,PASS,ad93676464836120928f6f65d7d25e327dc24c606286ac09bf18d7cdd180a4f6,build32_nttmul/arith_validation/primitive/kernel.vxbin,build32_nttmul/arith_validation/primitive/rv32_xrt_m1.log
xrt,1,32,1,8,32,timed_batch,poly_reduce,w32_ise,4,1,9844,256,0,0,upstream_c_bitexact,direct_call_and_completion_barrier_excludes_KEM_dispatch,same_C_reduce_arithmetic,1646854,23952861,PASS,ad93676464836120928f6f65d7d25e327dc24c606286ac09bf18d7cdd180a4f6,build32_nttmul/arith_validation/primitive/kernel.vxbin,build32_nttmul/arith_validation/primitive/rv32_xrt_m1.log
xrt,1,32,1,8,32,timed_batch,poly_reduce,scalar,5,1,47387,256,0,0,scalar_reference,direct_call_and_completion_barrier_excludes_KEM_dispatch,,1646854,23952861,PASS,ad93676464836120928f6f65d7d25e327dc24c606286ac09bf18d7cdd180a4f6,build32_nttmul/arith_validation/primitive/kernel.vxbin,build32_nttmul/arith_validation/primitive/rv32_xrt_m1.log
xrt,1,32,1,8,32,timed_batch,poly_reduce,w32_c,5,1,9947,256,0,0,upstream_c_bitexact,direct_call_and_completion_barrier_excludes_KEM_dispatch,,1646854,23952861,PASS,ad93676464836120928f6f65d7d25e327dc24c606286ac09bf18d7cdd180a4f6,build32_nttmul/arith_validation/primitive/kernel.vxbin,build32_nttmul/arith_validation/primitive/rv32_xrt_m1.log
xrt,1,32,1,8,32,timed_batch,poly_reduce,w32_ise,5,1,9844,256,0,0,upstream_c_bitexact,direct_call_and_completion_barrier_excludes_KEM_dispatch,same_C_reduce_arithmetic,1646854,23952861,PASS,ad93676464836120928f6f65d7d25e327dc24c606286ac09bf18d7cdd180a4f6,build32_nttmul/arith_validation/primitive/kernel.vxbin,build32_nttmul/arith_validation/primitive/rv32_xrt_m1.log
xrt,1,32,1,8,32,timed_batch,poly_reduce,scalar,6,1,47387,256,0,0,scalar_reference,direct_call_and_completion_barrier_excludes_KEM_dispatch,,1646854,23952861,PASS,ad93676464836120928f6f65d7d25e327dc24c606286ac09bf18d7cdd180a4f6,build32_nttmul/arith_validation/primitive/kernel.vxbin,build32_nttmul/arith_validation/primitive/rv32_xrt_m1.log
xrt,1,32,1,8,32,timed_batch,poly_reduce,w32_c,6,1,9947,256,0,0,upstream_c_bitexact,direct_call_and_completion_barrier_excludes_KEM_dispatch,,1646854,23952861,PASS,ad93676464836120928f6f65d7d25e327dc24c606286ac09bf18d7cdd180a4f6,build32_nttmul/arith_validation/primitive/kernel.vxbin,build32_nttmul/arith_validation/primitive/rv32_xrt_m1.log
xrt,1,32,1,8,32,timed_batch,poly_reduce,w32_ise,6,1,9844,256,0,0,upstream_c_bitexact,direct_call_and_completion_barrier_excludes_KEM_dispatch,same_C_reduce_arithmetic,1646854,23952861,PASS,ad93676464836120928f6f65d7d25e327dc24c606286ac09bf18d7cdd180a4f6,build32_nttmul/arith_validation/primitive/kernel.vxbin,build32_nttmul/arith_validation/primitive/rv32_xrt_m1.log
xrt,1,32,1,8,32,timed_batch,poly_reduce,scalar,7,1,47387,256,0,0,scalar_reference,direct_call_and_completion_barrier_excludes_KEM_dispatch,,1646854,23952861,PASS,ad93676464836120928f6f65d7d25e327dc24c606286ac09bf18d7cdd180a4f6,build32_nttmul/arith_validation/primitive/kernel.vxbin,build32_nttmul/arith_validation/primitive/rv32_xrt_m1.log
xrt,1,32,1,8,32,timed_batch,poly_reduce,w32_c,7,1,9947,256,0,0,upstream_c_bitexact,direct_call_and_completion_barrier_excludes_KEM_dispatch,,1646854,23952861,PASS,ad93676464836120928f6f65d7d25e327dc24c606286ac09bf18d7cdd180a4f6,build32_nttmul/arith_validation/primitive/kernel.vxbin,build32_nttmul/arith_validation/primitive/rv32_xrt_m1.log
xrt,1,32,1,8,32,timed_batch,poly_reduce,w32_ise,7,1,9844,256,0,0,upstream_c_bitexact,direct_call_and_completion_barrier_excludes_KEM_dispatch,same_C_reduce_arithmetic,1646854,23952861,PASS,ad93676464836120928f6f65d7d25e327dc24c606286ac09bf18d7cdd180a4f6,build32_nttmul/arith_validation/primitive/kernel.vxbin,build32_nttmul/arith_validation/primitive/rv32_xrt_m1.log
xrt,1,32,1,8,32,exhaustive,poly_reduce,w32_c,,,,65536,0,0,host_modulo_q_all_signed16_inputs,timing_excluded,,1646854,23952861,PASS,ad93676464836120928f6f65d7d25e327dc24c606286ac09bf18d7cdd180a4f6,build32_nttmul/arith_validation/primitive/kernel.vxbin,build32_nttmul/arith_validation/primitive/rv32_xrt_m1.log
