parameter,arm,requests,resident,input_start,driver,repeat,cycles,instructions,device_cycles,log_sha256,log
K512,A,1,1,1,aved,1,2768696,216810,2772992,74251a05bd20c250ba8fae6510ea0d9d07ef42d13f8b533f9d5afb20287f334c,K512_A_m1_w1_r1.log
K512,B,1,1,1,aved,1,1373104,93730,1377437,1913825cefd3066f1103c98f7e6541e9d963da50afadc337311d7136d98adec8,K512_B_m1_w1_r1.log
K512,C,1,1,1,aved,1,2580813,203083,2585088,793bc93b1e8001eaf55fabe1ec6390bcc7eaa483321bfc57c625df7a074cdd12,K512_C_m1_w1_r1.log
K512,D,1,1,1,aved,1,1191729,80003,1196037,9a75f59e2e8f7c3a5fa5462d5182e42b742c0fffb7aa73d8a807b2d861380371,K512_D_m1_w1_r1.log
K512,E,1,1,1,aved,1,1183351,79953,1187713,a73fc2c8a963d9d8ced4b7dc30260bbe4f9d9932ef4f1b9229b9b2ba15b14924,K512_E_m1_w1_r1.log
K512,A,1,1,1,aved,2,2768665,216810,2772928,ff86d1ae3d92fb91ff289c4165d3bbdf820701d05067a212bcbcfc3f8eef3256,K512_A_m1_w1_r2.log
K512,B,1,1,1,aved,2,1374002,93730,1378268,d185d9e30f449e5c65a04096ffb863740a8fa72372b933a1c214b5205d2ebe29,K512_B_m1_w1_r2.log
K512,C,1,1,1,aved,2,2579906,203083,2584125,b9f835b84fd837db623657d113081813a0333aac32026ea0f0da393b2e2bec9b,K512_C_m1_w1_r2.log
K512,D,1,1,1,aved,2,1191351,80003,1195606,be21e4df7715f909d7c6bcbdf46e6111f90090218ef8fd05eee1eeb29c812093,K512_D_m1_w1_r2.log
K512,E,1,1,1,aved,2,1182368,79953,1186623,b4e314bcc2725cc4a7fa64a9f45c5d77b561fa3bfeb693ffd624ba1a1485ccd9,K512_E_m1_w1_r2.log
K512,A,1,1,1,aved,3,2767738,216810,2771988,cd02d61649dd83f173a1d518507de24e0ecb153908c9f51f7cc38f52decc384a,K512_A_m1_w1_r3.log
K512,B,1,1,1,aved,3,1373341,93730,1377609,70a71f0cd272e2297b04e3e2fe98023d5d8f569f96bc1c6b021e538fb6036c76,K512_B_m1_w1_r3.log
K512,C,1,1,1,aved,3,2580156,203083,2584370,26f569c061849b957a95c97ebbfdc6d8fd5a94315275216b6bf324737027cb02,K512_C_m1_w1_r3.log
K512,D,1,1,1,aved,3,1191190,80003,1195441,70e192f4400bacbd414f6b76321dd3c3a858cfa48bfac7f193e10257aa3f5f2b,K512_D_m1_w1_r3.log
K512,E,1,1,1,aved,3,1181999,79953,1186217,f58b767b511bdefbbd5e4e17c3cc64eb3630097d18f2ecacec65b10903fd4d04,K512_E_m1_w1_r3.log
K512,A,1,1,1,aved,4,2768293,216810,2772532,315a6dff7ba1c7bd029bbfc375e4bbf212852d845d1db2220e8b8514c3fb18c6,K512_A_m1_w1_r4.log
K512,B,1,1,1,aved,4,1372905,93730,1377195,d38fe7c96aaa304fd807bb692c3597e804427d4c078c20323693214290acc179,K512_B_m1_w1_r4.log
K512,C,1,1,1,aved,4,2579194,203083,2583417,996fbf5c2207a9f697ba9b92b81a61a6900f14a8882afebaee88cd150502597b,K512_C_m1_w1_r4.log
K512,D,1,1,1,aved,4,1191350,80003,1195659,7466c4eb69503acc4c83aa4e19b223f81b7963f1d6cc878a090d9e7eaf079804,K512_D_m1_w1_r4.log
K512,E,1,1,1,aved,4,1182956,79953,1187214,b76cad16fed778cf13aa0cd2e6f8ec4ec1bd1f528a52e6b68002a957f1f6d2c4,K512_E_m1_w1_r4.log
K512,A,1,1,1,aved,5,2767740,216810,2772048,8642834ae3e3292537583ac5886c1ca117a4d4d43f4035802e5b064cf0bc55ae,K512_A_m1_w1_r5.log
K512,B,1,1,1,aved,5,1373085,93730,1377351,96cb716cd04526834445c7f6015753625ce3b3abf00e2e74fe2f7e4291a5658b,K512_B_m1_w1_r5.log
K512,C,1,1,1,aved,5,2580568,203083,2584856,20effbae4827087fa7fc52bcf770852f2a9eb6453359737343b4f939b55a5a17,K512_C_m1_w1_r5.log
K512,D,1,1,1,aved,5,1191526,80003,1195761,7737638213efdc03bd21b416cad804c4afff35d3e0e665d507ae40552635917b,K512_D_m1_w1_r5.log
K512,E,1,1,1,aved,5,1182235,79953,1186453,357e9185a708b6c6fe99a779f69cec7e82bc8ab1ea897998278a3d50591f91db,K512_E_m1_w1_r5.log
K512,A,2,2,1,aved,1,3248083,462402,3252285,c4ede07cd3781d9962951afb48ecd241854dc91b67c00a6454ec73a283bce067,K512_A_m2_w2_r1.log
K512,E,2,2,1,aved,1,1550507,188688,1554864,50baa71dfc92d61dac8729e0dc40cf463f1b894ea020c03040cc8b5b0094a291,K512_E_m2_w2_r1.log
K512,A,2,2,1,aved,2,3251067,462402,3255326,1a90589a65f5c803ccc329fdedad193757b4ddeafa2d2cb2611c7aaf6f926445,K512_A_m2_w2_r2.log
K512,E,2,2,1,aved,2,1544448,188688,1548653,85edd61a4416d0085ed33620dd4565c5dca8b6c66ffb44138a401864ec003df8,K512_E_m2_w2_r2.log
K512,A,2,2,1,aved,3,3235496,462402,3239745,d4b1321c3df7c8c7afb37abd902af6124f18e4e515191fd8b85afcc5ea7c8cfe,K512_A_m2_w2_r3.log
K512,E,2,2,1,aved,3,1557746,188688,1562061,27658a6a915545f8033e252439eb97cba153b052b50f426d9ba9c2ced117391d,K512_E_m2_w2_r3.log
K512,A,2,2,1,aved,4,3244837,462402,3249045,cb69d2f426dece5793b95ebef4fec0871ef0de129ae4fc78495e5bbfee22f1eb,K512_A_m2_w2_r4.log
K512,E,2,2,1,aved,4,1558002,188688,1562261,a4cde1243b3b70d6912b2a6a9466279ee8a15248bcee04137ac3bcbd59bc6a3f,K512_E_m2_w2_r4.log
K512,A,2,2,1,aved,5,3246816,462402,3251035,cb18bcb8bb8553feeb7aeb95f0e4b3c5e3ef4fe1858501b2bcf095d580c9ecc1,K512_A_m2_w2_r5.log
K512,E,2,2,1,aved,5,1553173,188688,1557467,105516a306670b45b98a0fbeb6a43b6fe6d039d1fa2abfb0dcdb097fc01b1b89,K512_E_m2_w2_r5.log
K512,A,4,4,1,aved,1,4471761,924804,4476780,830db3b5abfbb9e8ece7723a49c719097e4c0cce7bd36085b1432e40c9982b9e,K512_A_m4_w4_r1.log
K512,E,4,4,1,aved,1,2176074,377376,2181204,e07cdedefe8116f3fc8b8726186c5c00430efccd6937e147f0090b8f72406a44,K512_E_m4_w4_r1.log
K512,A,4,4,1,aved,2,4474343,924804,4479507,850db10d9478ab7c4cfff52f857a4bde7691801335bc7b2272e91686bf4f6b33,K512_A_m4_w4_r2.log
K512,E,4,4,1,aved,2,2180070,377376,2185182,057860cbcb1ef3ed02ef7ea8dbfc9e3b92a253939b6db60fe1679650ae3a46cd,K512_E_m4_w4_r2.log
K512,A,4,4,1,aved,3,4466522,924804,4471693,194a887d3914f380d3c5c68b23dc47f4546f9ccc8e38889d1796d8ea80fc6243,K512_A_m4_w4_r3.log
K512,E,4,4,1,aved,3,2184637,377376,2189695,a3cba029e257ee639bbacb104f22d09d93adb8b906d0ef054dc9b96ada2d046c,K512_E_m4_w4_r3.log
K512,A,4,4,1,aved,4,4476819,924804,4481917,bac39b7fd6fed741ccaa083cedd0746b5b803883546e6f1d288ebbdf667cfd4a,K512_A_m4_w4_r4.log
K512,E,4,4,1,aved,4,2180866,377376,2185921,93fb06bf2e1e5e1ae1753accf6a9cdb5290b208f96eb951423c020db3951d163,K512_E_m4_w4_r4.log
K512,A,4,4,1,aved,5,4457826,924804,4462883,84a71a1024eae2d8594ff7a3780f8700c1acafa565f0af85df9bf287d9344747,K512_A_m4_w4_r5.log
K512,E,4,4,1,aved,5,2179397,377376,2184484,f104e5165fa7f6e57d75bb871af8a796ff0fe79fdd7f613080b0c9c27169a008,K512_E_m4_w4_r5.log
K512,A,8,1,1,aved,1,22130668,1733199,22134927,40db0e4915e560f2da8441e743e2f558e3348c26cdc0d6126e4447acc35e572d,K512_A_m8_w1_r1.log
K512,E,8,1,1,aved,1,9450675,638343,9454914,42731b9ff49cc840ec51e316a607ee47948e7cde1f430a7b5ccd6059869122fa,K512_E_m8_w1_r1.log
K512,A,8,1,1,aved,2,22129383,1733199,22133696,6b50d2d7e165e26a4b79c8c773f7de19b01be8fa412fba40983892cf6c4ef53a,K512_A_m8_w1_r2.log
K512,E,8,1,1,aved,2,9449419,638343,9453647,61b5fbe0e2f862de4b17accfc4dc1a4c5acccdb3971b912e4fda3a5dcfeca4b0,K512_E_m8_w1_r2.log
K512,A,8,1,1,aved,3,22131284,1733199,22135511,32490dbffb86880754284b9ec6cea0f2e52b7c5e17270a24f5612088b03f45c9,K512_A_m8_w1_r3.log
K512,E,8,1,1,aved,3,9449918,638343,9454150,0a8609b3cd8f2e81904236c495438d235eed911649ab194a69d447c954975031,K512_E_m8_w1_r3.log
K512,A,8,1,1,aved,4,22130315,1733199,22134580,c3d91207daf95868764b40bad7febbf03e3d7f4083f2326624e4c9dfdd4589fc,K512_A_m8_w1_r4.log
K512,E,8,1,1,aved,4,9449160,638343,9453389,20d73f00e393939f5681222a8456ce12e78bd2b2870c0a389fccddd752303267,K512_E_m8_w1_r4.log
K512,A,8,1,1,aved,5,22130315,1733199,22134552,9459a4bebbcdcc223996cfd816e40825e7ca0d6e3a6eccd36bb15ae0d7a180fc,K512_A_m8_w1_r5.log
K512,E,8,1,1,aved,5,9449715,638343,9453931,d288ccd788d0c7d1cbd2aa1bb17e74f9c97b509e265874e06770e18fb8840579,K512_E_m8_w1_r5.log
K512,A,8,2,1,aved,1,12959373,1848510,12963659,f45eef350188363996046f867926132d76afe92588403a93fb314b7555878c48,K512_A_m8_w2_r1.log
K512,E,8,2,1,aved,1,6185226,753654,6189411,a15d9e837f37e344eea668158ccf5450ae6a851e27acafb6a609894fd53b044c,K512_E_m8_w2_r1.log
K512,A,8,2,1,aved,2,12955973,1848510,12960250,517e24a4b625bc4cc92c52dfa526660c5693a0b11f7e8d04b38b81fc1c29b838,K512_A_m8_w2_r2.log
K512,E,8,2,1,aved,2,6188528,753654,6192725,e7ae9274db35a991619d86cfa46d979abdb6bfe69061d06538e82b64610645ff,K512_E_m8_w2_r2.log
K512,A,8,2,1,aved,3,12988303,1848510,12992530,1fd232ba080c7fb0870cff60be6458eda99012e4599ccc6dc20b3aef291efae9,K512_A_m8_w2_r3.log
K512,E,8,2,1,aved,3,6195409,753654,6199733,4b4f8856ff8729551650b4e20e31a0bfc3637b1c74461997d7d2d42f7a937fee,K512_E_m8_w2_r3.log
K512,A,8,2,1,aved,4,12987685,1848510,12991927,cb6e7a977277785e7f2910c8d16b45b718b2c9cbcb897ca96d30a6439778bb0a,K512_A_m8_w2_r4.log
K512,E,8,2,1,aved,4,6196443,753654,6200714,1a09e5cb5d0f818c9029e74f67f884aafee62ba23aab2806aa512d24d2488fe7,K512_E_m8_w2_r4.log
K512,A,8,2,1,aved,5,12966238,1848510,12970456,0f8555e100e2c80dde97ed7e795f63cbfb535ba17efd8d6b16fc0565597e6769,K512_A_m8_w2_r5.log
K512,E,8,2,1,aved,5,6197902,753654,6202147,5eeb7e37c87f06bed3c188ab64aa3edf1ac47d3745cb8d421a16dedb90475494,K512_E_m8_w2_r5.log
K512,A,8,4,1,aved,1,8949524,1848876,8954555,821fdc6cb4764e8a2ad1ee34c9197a1a8f67a3eb2e50abdd3d7403214c95f586,K512_A_m8_w4_r1.log
K512,E,8,4,1,aved,1,4360084,754020,4365138,56bac4aa317639ce296169148fd1fb7ec57b52262b80243f7ceca8c5bee805b8,K512_E_m8_w4_r1.log
K512,A,8,4,1,aved,2,8923433,1848876,8928517,55b12386dee5235b640be53a47029f4f47990cdcbef75becf6ff67f671d08e53,K512_A_m8_w4_r2.log
K512,E,8,4,1,aved,2,4374577,754020,4379648,053ef0f9cec6f9efb694f31360641200b6b6a8256ed63c2118d7a2f5358a7638,K512_E_m8_w4_r2.log
K512,A,8,4,1,aved,3,8961057,1848876,8966139,a1e397155e06318915070bbaafcabfeec5efe0ea47c3c9a8e9ae8c218e66d9f9,K512_A_m8_w4_r3.log
K512,E,8,4,1,aved,3,4355891,754020,4361065,69b7e184591e1d304a958d30b8c3cfff2220991afcdb7cdc81bbd4b9828207e0,K512_E_m8_w4_r3.log
K512,A,8,4,1,aved,4,8909494,1848876,8914551,7657585d5b022e26e97e34503f95a1a9395ec7f1f35d5d0807600b7f8a779574,K512_A_m8_w4_r4.log
K512,E,8,4,1,aved,4,4347474,754020,4352508,285a4428c5dbe18e4c6aa8ff553a9b8a6be23512f83981ddf706b1b25ec82a6a,K512_E_m8_w4_r4.log
K512,A,8,4,1,aved,5,8924968,1848876,8930073,1c57edecb227deb164a885fcdbd3f33c647a762b489acde25c6a9d99cbf0e4cd,K512_A_m8_w4_r5.log
K512,E,8,4,1,aved,5,4383030,754020,4388158,757de2b156ac0892b26032d7f75be8c58ef6f4f0db63148eb64160e332e37319,K512_E_m8_w4_r5.log
K512,A,8,8,1,aved,1,8021365,1849608,8030426,91a1cee70af79d412af9aaa8cb4218ff2fcd4fe9b890235f6e84117652c480cf,K512_A_m8_w8_r1.log
K512,B,8,8,1,aved,1,4332629,864968,4341927,704afe2eef9def495f2530e8a0e5b67b30544e65e7a9376d3c53be22b694c8b9,K512_B_m8_w8_r1.log
K512,C,8,8,1,aved,1,7498769,1739792,7507952,6712d0b25db4ef7f65eb7ac804f3ffb5fb020cbb2b5bd822c0e1006f30d93218,K512_C_m8_w8_r1.log
K512,D,8,8,1,aved,1,3896543,755152,3905619,69e2d6f1e4f207697f61f381a998c4b909c07d0738371538c63bdabf630a6995,K512_D_m8_w8_r1.log
K512,E,8,8,1,aved,1,3757101,754752,3765938,c73fe09e5bc784dec008ea6db6f8c82969b6fbd14bece6eabfbd0449afcb102d,K512_E_m8_w8_r1.log
K512,A,8,8,1,aved,2,7993947,1849608,8003036,c6453cc33bfdd5a0783ef4f41abe34dba5583dd45f44e4ea2de6d432a944f343,K512_A_m8_w8_r2.log
K512,B,8,8,1,aved,2,4404232,864968,4413277,b548dd320610a6319be2033b081c03a933e1468c32479ffd3191942650995003,K512_B_m8_w8_r2.log
K512,C,8,8,1,aved,2,7540614,1739792,7549749,4380fd085017057099e48c51bafcfb96ea5f593f99ae4b10d1017958edd0f842,K512_C_m8_w8_r2.log
K512,D,8,8,1,aved,2,3834300,755152,3843388,28fe2b80179cf93cbfbdae2a2f28a412df57d2c62140a137d50c3ae46713307d,K512_D_m8_w8_r2.log
K512,E,8,8,1,aved,2,3788327,754752,3797273,ac0b8cb9851bf76b830693b7b74be8fd6da174700da09f4917a57b41185e65b4,K512_E_m8_w8_r2.log
K512,A,8,8,1,aved,3,8054432,1849608,8063472,91935a399e5582a0acd6017504e021c752e6d22f17b354037c28f81401dfaa63,K512_A_m8_w8_r3.log
K512,B,8,8,1,aved,3,4313338,864968,4322416,1c8760ce05cd75667ea0be7cec27ec95c4ed13c22c59ec77e09d4508c0b30973,K512_B_m8_w8_r3.log
K512,C,8,8,1,aved,3,7575597,1739792,7584503,3d915d2195ee209a514766f867c97485b13090716b444c7ebab7c028cb98ffb8,K512_C_m8_w8_r3.log
K512,D,8,8,1,aved,3,3902001,755152,3911274,d3d21622da1d04a8998621edb826b67eec6f91cdb5c60014ea49cf75ca7f1ff3,K512_D_m8_w8_r3.log
K512,E,8,8,1,aved,3,3824672,754752,3834007,451bf385d2b250c3d33a9ec0935285b56db26885dd8777c687b318762948d30d,K512_E_m8_w8_r3.log
K512,A,8,8,1,aved,4,8145378,1849608,8154503,053c94e1cc31622f51696154d3e66dae942bd0efc2cde6f992207a6a6542ab95,K512_A_m8_w8_r4.log
K512,B,8,8,1,aved,4,4357359,864968,4366600,8cb6eb80c0bfba710cc9a385e98333d4bfed20340acd83b2173e718ec50c70f4,K512_B_m8_w8_r4.log
K512,C,8,8,1,aved,4,7712232,1739792,7721316,20b82cb548654568aec3952982a8977fec161ca5764f7bdf556b56f0f3a6662b,K512_C_m8_w8_r4.log
K512,D,8,8,1,aved,4,3874346,755152,3883441,3528d7a0ee107bf86516b2fb64bde1c086991bd0ec1f8b5a86da4a3aba3ae02f,K512_D_m8_w8_r4.log
K512,E,8,8,1,aved,4,3789262,754752,3798182,7b0b40775cd47b7c5cf2824d2d313074acce270c9e2c56232e3da6f28cfebcf1,K512_E_m8_w8_r4.log
K512,A,8,8,1,aved,5,8268527,1849608,8277605,d33cc6bc33a57dae4c34738250b286d77b2859dffffd8e558b5ce6a3105fe486,K512_A_m8_w8_r5.log
K512,B,8,8,1,aved,5,4389502,864968,4398458,432e570fa74accd09f6089929348f7f32ae6b2484d6b0a551f30a34712732490,K512_B_m8_w8_r5.log
K512,C,8,8,1,aved,5,7574005,1739792,7582858,cc8b49793b4867d1652339e960805d2bd709a0fd19cb41161eea5c23babd1a8b,K512_C_m8_w8_r5.log
K512,D,8,8,1,aved,5,3877431,755152,3886669,1cd98c03dec6883626d4cd5ebf6a39dc4fec65aa1c6a86ff01abdae6b97895c5,K512_D_m8_w8_r5.log
K512,E,8,8,1,aved,5,3775424,754752,3784348,d9c2a87838c7e7b44850f0940b30622020578b9945b919a53b5d5e578261ec11,K512_E_m8_w8_r5.log
K512,A,16,8,1,aved,1,16300940,3697752,16310099,ed001cda8398def39fcd8cfb75f73ba14ea70d33840d643626de7db15151ccad,K512_A_m16_w8_r1.log
K512,E,16,8,1,aved,1,7585190,1508040,7594292,c3ab129771d079b68f4864fdaa63e83c8345a4e5ba3a550e4741a0f002ae6665,K512_E_m16_w8_r1.log
K512,A,16,8,1,aved,2,16058920,3697752,16068029,411140e94d329d9bcee0a89fac6996e67cb9c040856e7ad18e8cbdae1c3909a9,K512_A_m16_w8_r2.log
K512,E,16,8,1,aved,2,7598222,1508040,7607269,3cfdd72c55f7c933bb8f40a4f2de708d90f751a930290cf5421de4c11385f8c2,K512_E_m16_w8_r2.log
K512,A,16,8,1,aved,3,15961333,3697752,15970503,d350ae2a28651fa9c3bf447f752bc71b9b08e1793dc7dba340cc5a50afcab653,K512_A_m16_w8_r3.log
K512,E,16,8,1,aved,3,7602616,1508040,7611563,7f4abdc66c3f3ca1989e2472e5d0d0e2ccc5016645a0e98fd31cfc3f5ecc48c6,K512_E_m16_w8_r3.log
K512,A,16,8,1,aved,4,15974236,3697752,15983365,6377f90815439de7b5e4f8ff373ceaec6929a929c2e6602fcb9f50974f962cbc,K512_A_m16_w8_r4.log
K512,E,16,8,1,aved,4,7538380,1508040,7547183,03fa9c38fe122371d0632c91f32b1d414d767ec86488666c3d052fadcc13f2fa,K512_E_m16_w8_r4.log
K512,A,16,8,1,aved,5,16065188,3697752,16074291,45efd345359eec1a703f3eb56b455b800c258e3e0807fa7c5f79aa2f910cd28f,K512_A_m16_w8_r5.log
K512,E,16,8,1,aved,5,7607328,1508040,7616386,6dd9e48649fc728aee4ff5a9fe409459277ae6b37eda065c73fb61a2c8a006b5,K512_E_m16_w8_r5.log
K512,A,32,8,1,aved,1,32472736,7394040,32481738,eb4bf95ce8237a370484f853c0718afc2be53eaa3d2d1360e955cd941736302d,K512_A_m32_w8_r1.log
K512,E,32,8,1,aved,1,15176674,3014616,15185669,d454116a6357b350ddf2c781ae6d4098796f27e48303df8313060d8fbb43b670,K512_E_m32_w8_r1.log
K512,A,32,8,1,aved,2,32336369,7394040,32345421,ed3a3f6c77985a6381129d8c6eeeba931a23e0cd72c9cbe733d4c223aa91ccf1,K512_A_m32_w8_r2.log
K512,E,32,8,1,aved,2,15209599,3014616,15218806,08e69d808d589592b82c52228e9ae3899f39ab7f2fbea6a3c4d1d608d2b7db16,K512_E_m32_w8_r2.log
K512,A,32,8,1,aved,3,32671365,7394040,32680513,04b8fdac661110c562a60138a0ed40d51f08695a3c01539f889a678064e3ac95,K512_A_m32_w8_r3.log
K512,E,32,8,1,aved,3,15215315,3014616,15224215,236287b85695484b6b9894b017b79dfff9ca8ded267730581c4fa9f941cb975e,K512_E_m32_w8_r3.log
K512,A,32,8,1,aved,4,32164591,7394040,32173522,afc970cc22c4f05c0dc0c3782fe3d2ba4585ed0da106a84350f83deaab29225b,K512_A_m32_w8_r4.log
K512,E,32,8,1,aved,4,15185576,3014616,15194783,97da4a7fba8654a73728eaaac7c5765204bd24c95c6c58b5f1f547829df20d58,K512_E_m32_w8_r4.log
K512,A,32,8,1,aved,5,32482503,7394040,32491197,555f7e69eefa3b7fc137b5e1616f6abd9b4e08f03d8efb0cf7e6fd80e2181849,K512_A_m32_w8_r5.log
K512,E,32,8,1,aved,5,15161858,3014616,15170777,42d4b108467b82ecbfc269c90938cb5ecde07698ea54d06a543b782d3b8f9703,K512_E_m32_w8_r5.log
K512,A,64,8,1,aved,1,64569570,14786616,64578692,5ee97ad8dab7656e2f1b544e10aada6b22a2fa7cdf167b1f1d0a96e249e8e509,K512_A_m64_w8_r1.log
K512,E,64,8,1,aved,1,30315909,6027768,30324674,c4df8dd437beb70cb6a074140479a2c0fd70d8028baa6747defdffd5e24608f7,K512_E_m64_w8_r1.log
K512,A,64,8,1,aved,2,64483897,14786616,64492729,41150d8fb432d9ab4c65974f80cfa07708bd0eb1a0a49ae1b88bbb6f8abc8f01,K512_A_m64_w8_r2.log
K512,E,64,8,1,aved,2,30365663,6027768,30374760,6d49fee7b8e45679f879d686dd7ebc8a09737db96f664b0bb3c2cc71fef8ecf5,K512_E_m64_w8_r2.log
K512,A,64,8,1,aved,3,64580707,14786616,64589664,9973632ca180735a9e8b5db3599123f76b78ae94d92a6ff5d4c2ec0f8cb4f95c,K512_A_m64_w8_r3.log
K512,E,64,8,1,aved,3,30536964,6027768,30545913,6d3916fcd598d9dc3155e42235ccee4198556ea3f2a8acd8c303f3e9803391c5,K512_E_m64_w8_r3.log
K512,A,64,8,1,aved,4,64887610,14786616,64896806,432a5d40332d0a37787e6500e55b1c1d137a9bba81bee8c94c59da722f7c042c,K512_A_m64_w8_r4.log
K512,E,64,8,1,aved,4,30434024,6027768,30443142,54a3b4358e58cebb7a85e2bd26c885617b21b571b36cc2b09fde4618ce206202,K512_E_m64_w8_r4.log
K512,A,64,8,1,aved,5,64382247,14786616,64391400,3f73ff08b5b6896def54b7d90e466370a86f3bc25e2a70d7ca8e8d6dc6533dbf,K512_A_m64_w8_r5.log
K512,E,64,8,1,aved,5,30287786,6027768,30296967,628a0dcd28e2463839e4dd9fbd6324230e18dd07df5eb53951eade90413fbb51,K512_E_m64_w8_r5.log
K768,A,1,1,1,aved,1,4459355,348764,4463631,fd2ea18775109eaa1ecaa6164f7c4e4293769e44abefa6e7de3c3144465f080a,K768_A_m1_w1_r1.log
K768,B,1,1,1,aved,1,2178301,146044,2182564,2cc9fb33249d82ca1c657ecdf5d62a10a230ebecf839dc68f908e09a8ee71059,K768_B_m1_w1_r1.log
K768,C,1,1,1,aved,1,4202786,329615,4207106,a5413d8292bb08b25cf7c7414b862c16b1c4fb77723bde22d4dd7b25da3d22bc,K768_C_m1_w1_r1.log
K768,D,1,1,1,aved,1,1925479,126895,1929826,8690f8502a6fdd2ece0ef5d589c85f2552f328b1fcff8b059ec527188f52cbcf,K768_D_m1_w1_r1.log
K768,E,1,1,1,aved,1,1927320,126879,1931552,41032a091f345a4fcf20f30cd5fe6c58084e2a3ff3c880efeabaeb8724bef3b6,K768_E_m1_w1_r1.log
K768,A,1,1,1,aved,2,4459453,348764,4463805,fb3cd5b4ac536a56b153fc2141678a4da30c0583626c5bb587c7481c6a0d85cf,K768_A_m1_w1_r2.log
K768,B,1,1,1,aved,2,2177498,146044,2181766,ae5014076acac2b4c4b8d958f71b3fae88ffa59fb30e15c36fb6836ad9cddf90,K768_B_m1_w1_r2.log
K768,C,1,1,1,aved,2,4203581,329615,4207940,df59f1d5a6ac038b7491bbc0f87146cc7a6342a4138d5194d4b0e717dd4e12cb,K768_C_m1_w1_r2.log
K768,D,1,1,1,aved,2,1925601,126895,1929881,9f43eff9e2977ca32c68f407cbf4961447e7fc5ac7ef277eb07932fea6567153,K768_D_m1_w1_r2.log
K768,E,1,1,1,aved,2,1927274,126879,1931500,412305bf2b2bdadee9840a1d12b9658fe543033639c860f28fb037fdaaad8b31,K768_E_m1_w1_r2.log
K768,A,1,1,1,aved,3,4460082,348764,4464437,adb9f18cde221458cacead10922510b6e4fabd14ae816046d3d33b1fed98d52e,K768_A_m1_w1_r3.log
K768,B,1,1,1,aved,3,2178079,146044,2182383,f40c5cfbe3fc424373ca435bb65fc2fd146e4797eec1dcb28afee4b672e65087,K768_B_m1_w1_r3.log
K768,C,1,1,1,aved,3,4204129,329615,4208410,9b8e732ab77856df8229001a8cf579ee97cf5ea22410e189570bb5b0dcd4d28e,K768_C_m1_w1_r3.log
K768,D,1,1,1,aved,3,1925205,126895,1929471,d039256891c4de6fa2b2ec055457a454fb542ae68f63c294039e2431f8bd7b4f,K768_D_m1_w1_r3.log
K768,E,1,1,1,aved,3,1927449,126879,1931675,9d8d1d0d0b1ff36300814fb71890396ea0cb0e3c31d4868cc3e57c989e31883e,K768_E_m1_w1_r3.log
K768,A,1,1,1,aved,4,4459907,348764,4464204,9763f4ed7881d19a1d3142987b943d0369f756516caf8dd428b9bf52109855d7,K768_A_m1_w1_r4.log
K768,B,1,1,1,aved,4,2178461,146044,2182765,382bccefc9ae569f6a6733d611da6f7d1abc5b10380d844fbec3319199dac219,K768_B_m1_w1_r4.log
K768,C,1,1,1,aved,4,4203410,329615,4207702,28f676eba3e4a64969067106375aeaf6d668cf821ad954b42dfa235761e666a4,K768_C_m1_w1_r4.log
K768,D,1,1,1,aved,4,1926089,126895,1930376,a6ed00ebd3d2183dde87f1cc9bc498c006a3b2637eaec1582ef128762476dcbf,K768_D_m1_w1_r4.log
K768,E,1,1,1,aved,4,1926745,126879,1931028,a45e539c6016c046fcce219af06a51af34eb3ff6d7d9dccbe845a7a988fd3267,K768_E_m1_w1_r4.log
K768,A,1,1,1,aved,5,4461146,348764,4465510,cfdadbd1eb06eb1b60ff7326534d19a2f966497ab01a2cf113dd86167f95e22c,K768_A_m1_w1_r5.log
K768,B,1,1,1,aved,5,2177681,146044,2181999,a536346e1b861db21b1884cd42dc3d194689bf6c2e696aa1abb271fce63905d0,K768_B_m1_w1_r5.log
K768,C,1,1,1,aved,5,4203128,329615,4207407,464f770e8d144e57a8029e85c447f17e8232c890a00f91de9bb7ddb17779ff28,K768_C_m1_w1_r5.log
K768,D,1,1,1,aved,5,1926188,126895,1930494,e56579094b6531dd4810da7afc74a2e86b12d892af7e3f3e93bb7876eb005794,K768_D_m1_w1_r5.log
K768,E,1,1,1,aved,5,1926919,126879,1931171,37eb716a241db7e662de8866ccb9cca261b54345d78fa1ee6f0a53e45bb8f91a,K768_E_m1_w1_r5.log
K768,A,2,2,1,aved,1,5254133,745864,5258347,050326334d81448de2d2eb953ec5d52ce78827d8714654c76995433abc7e1b38,K768_A_m2_w2_r1.log
K768,E,2,2,1,aved,1,2591826,302094,2596062,b9a7e7214a16e80940c2577ae58ff806fed01ac2d898d24127dddc93c40ceeaa,K768_E_m2_w2_r1.log
K768,A,2,2,1,aved,2,5271149,745864,5275387,67dd0e2b75e6bcd2dc547d744c14a71916b0af8938b7dc015897dfad0e41935c,K768_A_m2_w2_r2.log
K768,E,2,2,1,aved,2,2590951,302094,2595154,de61c9595902cf1c36b0ea2d2915b34cfe0dbae2f1a0ae6149341a66813b1428,K768_E_m2_w2_r2.log
K768,A,2,2,1,aved,3,5252231,745864,5256466,eda012249d05f30a75a0c49c1f081ebcc0ceacdce8f3a0d67385e251e3faa3a3,K768_A_m2_w2_r3.log
K768,E,2,2,1,aved,3,2581296,302094,2585582,75b9522cf942a126a4b3276f088997c706d023bd2769ff7d6263cecf29aaebdd,K768_E_m2_w2_r3.log
K768,A,2,2,1,aved,4,5274445,745864,5278659,9dbbe833d0911bcc08e00f2f786d4b4bbbcf8ac58db406d2b40ef73ad93be97f,K768_A_m2_w2_r4.log
K768,E,2,2,1,aved,4,2587243,302094,2591492,b4259b75c603e68a21fd07c3cfd14a0d40662608b649d7758ae2deb1003add94,K768_E_m2_w2_r4.log
K768,A,2,2,1,aved,5,5263193,745864,5267485,a76673664d6eb83099b893a4bf58e8e7168a5f27928419b3f360180b0d29ff93,K768_A_m2_w2_r5.log
K768,E,2,2,1,aved,5,2584759,302094,2588952,06e8782f20c6a473f65b10b3e9bfa678e452da6ab38288052e8d8b4bb58d3111,K768_E_m2_w2_r5.log
K768,A,4,4,1,aved,1,7359856,1491728,7364975,4951367f0301d85547f3661f267f561ade6746a49c4b746e4d8f0e35dbafdef3,K768_A_m4_w4_r1.log
K768,E,4,4,1,aved,1,3754250,604188,3759410,e6cbff80cec91b65d01b62a804de104026775355cbdb4fa4229c556ab575aa74,K768_E_m4_w4_r1.log
K768,A,4,4,1,aved,2,7339117,1491728,7344171,edca53d2f69a1092a77a8490456c3481347367e6e6b1e67cac81917b4690cd0c,K768_A_m4_w4_r2.log
K768,E,4,4,1,aved,2,3778178,604188,3783351,d99b57821465a6f167c256f70b8d5f8cd043ec9b119550f8699a41e622377385,K768_E_m4_w4_r2.log
K768,A,4,4,1,aved,3,7350543,1491728,7355692,c8cc34c13baa7db5404a388c3dec8094605f86182764c47f9bd82cbd0a9c635f,K768_A_m4_w4_r3.log
K768,E,4,4,1,aved,3,3783320,604188,3788545,391870cb2306f58a1911bc1a97064657b3875ef0c6a83ac3d05e7031a986de43,K768_E_m4_w4_r3.log
K768,A,4,4,1,aved,4,7360901,1491728,7366046,9de69089a91038d9b643ae776d1b29f164d56a6a9441d98ec5ac372c6477f37d,K768_A_m4_w4_r4.log
K768,E,4,4,1,aved,4,3782674,604188,3787820,4e062698c94ab224f0a4503c6f9f63b145306e9f4366e635ef6eb4ecadf2e7f6,K768_E_m4_w4_r4.log
K768,A,4,4,1,aved,5,7355432,1491728,7360515,3bd49e9ed953e56c074e0e912b30839acd8f675676499a6cb720f717c9923959,K768_A_m4_w4_r5.log
K768,E,4,4,1,aved,5,3786067,604188,3791248,e375e88da9244fe4868e4c4bd289bc0c251b3ce2f7e5887c47126496ddcaa9c0,K768_E_m4_w4_r5.log
K768,A,8,1,1,aved,1,35666515,2788810,35670786,1948e2977a70e1d116f680b4abbccc5349177988540d3f4ab83d76179d496a54,K768_A_m8_w1_r1.log
K768,E,8,1,1,aved,1,15404732,1013730,15408992,f287479b7e125788a88ba18c6308a3461c27711bf1f08b6e6167a960ab8f922b,K768_E_m8_w1_r1.log
K768,A,8,1,1,aved,2,35665206,2788810,35669469,8fce4a5b2d33dd08475e8c9e7fc2b19033f4ed5e81a542dab8a6f00ee2ca9040,K768_A_m8_w1_r2.log
K768,E,8,1,1,aved,2,15403779,1013730,15408073,5be86c2382fa13e5206b5bbca31d9423acd3c53eb4503896ad9452bc0e486c1a,K768_E_m8_w1_r2.log
K768,A,8,1,1,aved,3,35665511,2788810,35669824,157589112a278e5f742258230ebda46890c31355ca22c7995239b9ad712f16f7,K768_A_m8_w1_r3.log
K768,E,8,1,1,aved,3,15403606,1013730,15407915,0ebc47a6ba2e53a1ba100c92df4f2f4cd0879ae773fc7155f790bf2b816a5fb6,K768_E_m8_w1_r3.log
K768,A,8,1,1,aved,4,35664223,2788810,35668509,40e39264b62312528c09e27c6bd340ad13be5fb6517a340935f31a02513aff78,K768_A_m8_w1_r4.log
K768,E,8,1,1,aved,4,15405445,1013730,15409707,0ce22ce791631d47522d18f3fdfff7808434d36d1010c3225ef08d8954227631,K768_E_m8_w1_r4.log
K768,A,8,1,1,aved,5,35664811,2788810,35669068,4c2a8e801cd9ad0c593008a9fbe700f31e6779cb94b1867f3dffe2278ee678cc,K768_A_m8_w1_r5.log
K768,E,8,1,1,aved,5,15404373,1013730,15408643,d87c5eb78a156fca0b5613513136cec7bcbaf8fd1f7e1c0a14d00cc8d62ec987,K768_E_m8_w1_r5.log
K768,A,8,2,1,aved,1,21032004,2982340,21036228,439756ac163d10b8e058d408d620afd2b6ba9b485ac57b4ee15c037e9ba3615e,K768_A_m8_w2_r1.log
K768,E,8,2,1,aved,1,10305198,1207260,10309453,fb7aa64ce4c6dd6ae162e02e9dcb7f6f0ae3212bfd962a88ffe21ebd19f3590c,K768_E_m8_w2_r1.log
K768,A,8,2,1,aved,2,21054902,2982340,21059175,f815f83d7fd1639bd95732ffee4a680d3b4094720a5c854c7b674bd6b5ca767a,K768_A_m8_w2_r2.log
K768,E,8,2,1,aved,2,10335674,1207260,10339919,aec88c0c215060f933062cf7175f30a3044160b554cf3ac9485a1a54901da94a,K768_E_m8_w2_r2.log
K768,A,8,2,1,aved,3,21059749,2982340,21064057,c57ecb63c68e6020dc36f1a0a467519e7eaa446dd7809d5e7191c88e4b49e2d7,K768_A_m8_w2_r3.log
K768,E,8,2,1,aved,3,10301602,1207260,10305814,4ae3d550f6179c3ba52f8dd6cb5ee386010fc33820ad0e9cbb2f259f08d2ae6f,K768_E_m8_w2_r3.log
K768,A,8,2,1,aved,4,21038049,2982340,21042311,1a7d1cf3631f2013ed5ac6bd44d6ba0a65dbffc530625a4812fccca5d39eef99,K768_A_m8_w2_r4.log
K768,E,8,2,1,aved,4,10322800,1207260,10327078,f18eef11145dbb54d2d130df185477a61f84d84a4c085f564b309530d65f0340,K768_E_m8_w2_r4.log
K768,A,8,2,1,aved,5,21035157,2982340,21039417,379f654f95fcfbf0e05b4a40515f5ef38a73d634c54d0cec5b6baa3aa6dccf20,K768_A_m8_w2_r5.log
K768,E,8,2,1,aved,5,10333223,1207260,10337507,4bf56c3fa19fb57839266e354a7c3b29a24dbd9a8157f097882328d5969b6b50,K768_E_m8_w2_r5.log
K768,A,8,4,1,aved,1,14667482,2982712,14672567,e3bd408d43d214ec15df95a8a27ae758a101a0745976d9b8cba012f663635644,K768_A_m8_w4_r1.log
K768,E,8,4,1,aved,1,7547438,1207632,7552598,0aaf2c7e575cf2f7e8758ad5b61b748bb47b8f2c83f379347f77bd65930dace7,K768_E_m8_w4_r1.log
K768,A,8,4,1,aved,2,14750180,2982712,14755295,84c0d4fe4057667b2b7640488450f0a1b8261ae716f23979696c48fd8b1a74b6,K768_A_m8_w4_r2.log
K768,E,8,4,1,aved,2,7543287,1207632,7548426,e9d124261ab97e01b44bca3b507c223e496dc76185749e16f7b27f21e060d96a,K768_E_m8_w4_r2.log
K768,A,8,4,1,aved,3,14692717,2982712,14697756,01a4f681225f02958dda1f52f5bb47c16db1c303baf223af59bb5d9de16d00b3,K768_A_m8_w4_r3.log
K768,E,8,4,1,aved,3,7524564,1207632,7529690,79bcd705d8d8d5178a56715ca2ba02284f4ca9418becaaf0ec46c2b18d00a4a6,K768_E_m8_w4_r3.log
K768,A,8,4,1,aved,4,14741684,2982712,14746801,6a57fd061afb37bfc9e7cd0f4e7f83d67d88ff95cbf837215128a80cb0e9fd90,K768_A_m8_w4_r4.log
K768,E,8,4,1,aved,4,7529549,1207632,7534772,48b8d4372a2b8f77bafa93ea3707e0aad504c72ce8730bbab613f1a2c8e1e2d3,K768_E_m8_w4_r4.log
K768,A,8,4,1,aved,5,14698559,2982712,14703735,ddab75e044a86acdb7c6dc957af88ce041a49fe9121b25abb758110cbc8e8a35,K768_A_m8_w4_r5.log
K768,E,8,4,1,aved,5,7527524,1207632,7532568,effe67d12a13c381d200e86b6bc3ba99c7b9a67a28b5b7befe42618b2defefae,K768_E_m8_w4_r5.log
K768,A,8,8,1,aved,1,13316594,2983456,13325518,b8e2e3fce9cc71cf677e14cc3fb868c4f0a8450b929de43e05430a6aab1744ab,K768_A_m8_w8_r1.log
K768,B,8,8,1,aved,1,7338744,1361696,7347861,74ed30b5fbb7d48ae1e70282bad45fd73a863f69fbeac9dd6144182ca5e867d4,K768_B_m8_w8_r1.log
K768,C,8,8,1,aved,1,12646049,2830264,12655161,e1175928fd3173380fbcfa761979f99426258a9ba44215151cf236499288a5fa,K768_C_m8_w8_r1.log
K768,D,8,8,1,aved,1,6616504,1208504,6625656,15a1974e6b75674f75f0bfbd512669490bb04a90b7b8f13d704d99e100fe5229,K768_D_m8_w8_r1.log
K768,E,8,8,1,aved,1,6645313,1208376,6654438,66a97ea9bee857b5ddb82bc72f8a2efd898b0ae09321ae32679716fcc30d2afd,K768_E_m8_w8_r1.log
K768,A,8,8,1,aved,2,13328176,2983456,13337169,4954e6d0fb94a7a45c5b956f5c198fa0dd05f9308cb4d78631f42145ed5e4c2c,K768_A_m8_w8_r2.log
K768,B,8,8,1,aved,2,7290098,1361696,7298864,4675b1ea846e1d03d5189ac8ed2a88a7f74b743352ca2346a01f4e3409a27cb5,K768_B_m8_w8_r2.log
K768,C,8,8,1,aved,2,12646478,2830264,12655327,7bdb1ad9d348d54844dae51023c053ba0c82cda171ed03499e385472eb7e4c80,K768_C_m8_w8_r2.log
K768,D,8,8,1,aved,2,6647511,1208504,6656653,07a95bce3e33860690b3a3fa676b8335ee0a720c486cf8d4ff2ddcc781b97877,K768_D_m8_w8_r2.log
K768,E,8,8,1,aved,2,6649505,1208376,6658568,cd8d84e9da58dadb99f3365fcb7c1d051c68a9199007ed9d272747d15c287b12,K768_E_m8_w8_r2.log
K768,A,8,8,1,aved,3,13304557,2983456,13313374,8e100480692a2c5f1cc983ceee561b5cf81b04d41b070ae9d86c4498c8071391,K768_A_m8_w8_r3.log
K768,B,8,8,1,aved,3,7313082,1361696,7321924,19a850d3d8ee9571adcde802308af21721fef125108af1f35cb3950c596984f4,K768_B_m8_w8_r3.log
K768,C,8,8,1,aved,3,12685021,2830264,12694098,88acea524f4a5c9316fbaf0998884076e8873d6044e2a7cbee2056343fd8f114,K768_C_m8_w8_r3.log
K768,D,8,8,1,aved,3,6664137,1208504,6673198,3cf8185354dcf1932e503c20aa8c55c4862f5d9e309c5e8e6cd2d240a6972936,K768_D_m8_w8_r3.log
K768,E,8,8,1,aved,3,6657908,1208376,6666972,fb37a5d484ab7b2d577fd27b12f350beb40d9eeac4871f31550469fc0732e57b,K768_E_m8_w8_r3.log
K768,A,8,8,1,aved,4,13365713,2983456,13374739,f20246721a034b00025a16ff07963608abc48fd20ccfa8ab6b0cf4f1af5b0892,K768_A_m8_w8_r4.log
K768,B,8,8,1,aved,4,7290767,1361696,7299660,64986722a14ec86064ba90399046303ad938e5c6ed9e1e23c1da93d56c93d093,K768_B_m8_w8_r4.log
K768,C,8,8,1,aved,4,12712859,2830264,12722040,eacf7db8bab11b5a3f86f3afdc65af32e083b50e20433f549ec75eff035cba82,K768_C_m8_w8_r4.log
K768,D,8,8,1,aved,4,6633605,1208504,6642606,9034cf50b876785001f45af669b54d62f1ed29272ec6390d004689b49cc5e28e,K768_D_m8_w8_r4.log
K768,E,8,8,1,aved,4,6637278,1208376,6646736,e533ec63a99d73c12dd2275b4890d817e8ba40845561ef6671d4dde41a54483e,K768_E_m8_w8_r4.log
K768,A,8,8,1,aved,5,13308864,2983456,13317963,c503468368e65d1c028ed67961dd34e8c98ea1ccf54883cda1b3be3ac1675fbb,K768_A_m8_w8_r5.log
K768,B,8,8,1,aved,5,7281348,1361696,7290222,7fd310ab7f0dc61a06bb0bf856792606d2407046116eb4201cd647db607d70fe,K768_B_m8_w8_r5.log
K768,C,8,8,1,aved,5,12746372,2830264,12755601,271d60f824932336fb96f15b4a99f166e203afc243ffc2bca2130950b03e4abc,K768_C_m8_w8_r5.log
K768,D,8,8,1,aved,5,6616698,1208504,6625795,98d2076b3797ea5076a92f4779f08bc1830ca67b932565cb56e05964265e5f6b,K768_D_m8_w8_r5.log
K768,E,8,8,1,aved,5,6637931,1208376,6647199,b57e9d2e187f6c4f611914e44a249b3917170d9c5d7eed8a6e7e1c6ef32ecbe9,K768_E_m8_w8_r5.log
K768,A,16,8,1,aved,1,26653262,5965424,26662393,c6b7ba5d77a1b936352034743f2a71d8d67edb00ce05b4c111b891955c1164eb,K768_A_m16_w8_r1.log
K768,E,16,8,1,aved,1,13232079,2415264,13241409,d73fc90ce7885b6ca16937eb60109a18bb1a76c4f77a57d7ac11c6459931dcd2,K768_E_m16_w8_r1.log
K768,A,16,8,1,aved,2,26723651,5965424,26732557,5e265b361bd38a8a135f2a91a2dabc7c101921f2e7ae62d666dcdab2e54054d8,K768_A_m16_w8_r2.log
K768,E,16,8,1,aved,2,13284828,2415264,13293865,c2c42b61d8280f3d89d2147f1adcb0a77c1338abc3acb4a6e9ffa76558ad1356,K768_E_m16_w8_r2.log
K768,A,16,8,1,aved,3,26640888,5965424,26649973,38983b90d84e4301171f23d8bf3bb5d49745382025c9572c453ce69d0f85da4c,K768_A_m16_w8_r3.log
K768,E,16,8,1,aved,3,13331728,2415264,13340879,a7e39d2b0679884d8ca8ef010312436479d7a8a808a773a6848d267924c83ddb,K768_E_m16_w8_r3.log
K768,A,16,8,1,aved,4,26656600,5965424,26665908,d31067438cb728be6eaf481ae015b1526bbb008bf8bbe6dc652267008c8fdb62,K768_A_m16_w8_r4.log
K768,E,16,8,1,aved,4,13335043,2415264,13344314,ec3c95130765c52b3352ba98d65a64aeba83dca20960699a9050b4939cc20dd8,K768_E_m16_w8_r4.log
K768,A,16,8,1,aved,5,26627730,5965424,26636986,320e2eb22c4b693381d22e6ea030a21f900f3f2ccaa0d34d19fa66fe85005a17,K768_A_m16_w8_r5.log
K768,E,16,8,1,aved,5,13299175,2415264,13308533,c8661c69fe5b82bce2ccd1732e09f796618615b2bd294807139c40e41084c116,K768_E_m16_w8_r5.log
K768,A,32,8,1,aved,1,53176402,11929360,53185225,49a79232142faaf5e9fcb7f7c745d90a9670465aa42c0a4dd3448b6aadbd1709,K768_A_m32_w8_r1.log
K768,E,32,8,1,aved,1,26613798,4829040,26623064,ad72242b2f6c0d4d2b1fe4ac20030cc9f1763baaf45a1033fec79b3c695ff3e6,K768_E_m32_w8_r1.log
K768,A,32,8,1,aved,2,53372375,11929360,53381449,fcc36b80bf2f436ce6d7caae8c3734236bbbeddfc6f46222298f97659cfa3e6e,K768_A_m32_w8_r2.log
K768,E,32,8,1,aved,2,26584657,4829040,26594030,e10cde041cef8b2307e7ab09efc691a18719b5da19a0c4b603c7889193341a68,K768_E_m32_w8_r2.log
K768,A,32,8,1,aved,3,53474162,11929360,53483220,f9598514ce1b167af920bc66a3f896b5139651e0b4a167059e83d0797d581df1,K768_A_m32_w8_r3.log
K768,E,32,8,1,aved,3,26572360,4829040,26581816,bbcd88819a2678d5106740f282277cbd6480fea4cfb18534f38118a08ebdc30c,K768_E_m32_w8_r3.log
K768,A,32,8,1,aved,4,53327302,11929360,53336450,6bea0c620ba2549577d0004009ec568b325a5cc7f777349d9e8bd7429f6f9431,K768_A_m32_w8_r4.log
K768,E,32,8,1,aved,4,26567758,4829040,26576798,cf1e03d528358b1b66c6decf57b4eeac6ff8149aa4f7e976f50f977839662b87,K768_E_m32_w8_r4.log
K768,A,32,8,1,aved,5,53474011,11929360,53483097,0d33571130f98633a70832af0a7ba18dc44a62be33da3012c5cdf1ecc03ee986,K768_A_m32_w8_r5.log
K768,E,32,8,1,aved,5,26531387,4829040,26540702,9ef2d3167dedddf14ef2f0730510be92d046eb2e2f6d331f1dd9b0b8060bfac1,K768_E_m32_w8_r5.log
K768,A,64,8,1,aved,1,106777893,23857232,106786801,7b5a4bcd088038f92a8576ee4296f421baabbf3d82f825e362ddbcbaefd793dd,K768_A_m64_w8_r1.log
K768,E,64,8,1,aved,1,53115537,9656592,53124730,54b18b432c087c4b63a73480a3ba4666b291935fb2052a9c885a3bf9063e3f47,K768_E_m64_w8_r1.log
K768,A,64,8,1,aved,2,107197733,23857232,107206675,da7655980ec8558f9bdd4fb1802757de59e9bf152378666419887ec7b87f2986,K768_A_m64_w8_r2.log
K768,E,64,8,1,aved,2,53018728,9656592,53027723,a81bd8b2d8ba8ab0cc02884c7bffdde3623cb4edb50ac344c50c232563776b52,K768_E_m64_w8_r2.log
K768,A,64,8,1,aved,3,106876394,23857232,106885310,a6aa47520528fdb9a222d8eb0fa65ad6124d33b926e6506bc3b93bafbd80cdd3,K768_A_m64_w8_r3.log
K768,E,64,8,1,aved,3,53181059,9656592,53190043,2bc81794014e67c6f1921eeed78eec056cd861819559e1b935d4dd5c404053f2,K768_E_m64_w8_r3.log
K768,A,64,8,1,aved,4,106647153,23857232,106656214,c0e7e5cf25ab61203a1f4ab19f2008e3f9b05b1db0df3e23b4e47fa22f4753b4,K768_A_m64_w8_r4.log
K768,E,64,8,1,aved,4,53128245,9656592,53137666,14e25ba6fadf7f35f4beb98736ee89fcc0ec27fbc2cc27def8e2a130679329bb,K768_E_m64_w8_r4.log
K768,A,64,8,1,aved,5,106954610,23857232,106963497,4938ee8047b58d0b7bd9e88922c51eb6b729fdb418ac9b31dba2bded90020501,K768_A_m64_w8_r5.log
K768,E,64,8,1,aved,5,53078015,9656592,53087063,5e7d3f463f274be362f4e23c5df0d8594513bf188610e58b3e7d7ac033e32fb5,K768_E_m64_w8_r5.log
K1024,A,1,1,1,aved,1,6978643,543486,6982990,1f6ca944763ab2a0bc4312b128125dd60c0ef17efa8c498c63cc444041360168,K1024_A_m1_w1_r1.log
K1024,B,1,1,1,aved,1,3286312,214790,3290597,e74b9e1505226a3c4744d8daea37524ab89f81011b4d985763a87f0029527c56,K1024_B_m1_w1_r1.log
K1024,C,1,1,1,aved,1,6644629,518915,6648915,5fc8d2735f3e670c0abebd2931b9e2d125a3baf685ec8e72d0400df02c35db94,K1024_C_m1_w1_r1.log
K1024,D,1,1,1,aved,1,2967177,190219,2971467,84878afab319d85c1d3808398c6b5daa515d85a661c5b0d752f407aca083feab,K1024_D_m1_w1_r1.log
K1024,E,1,1,1,aved,1,2951093,190069,2955408,ed0c0ae96122e73714130388859b0b24cf3fceaf15c53edbb937d6d46bf24233,K1024_E_m1_w1_r1.log
K1024,A,1,1,1,aved,2,6979799,543486,6984201,764b2b370f28b4797f60f9dcad8887b092527a581d3cb58427f0d47673044be7,K1024_A_m1_w1_r2.log
K1024,B,1,1,1,aved,2,3286700,214790,3291011,0cf917b14a9bddf94b130051006766d1b31c1167c60e8ed01e70014a3a373900,K1024_B_m1_w1_r2.log
K1024,C,1,1,1,aved,2,6645993,518915,6650263,286b8472155bcb6f27af284aee3d6fc8768ca9d4a57f008338b6bbd85d238609,K1024_C_m1_w1_r2.log
K1024,D,1,1,1,aved,2,2965692,190219,2970010,3dc52756242844fb53c21372f95d3a6f229382da48042c9c248a0f9e0bbbbff9,K1024_D_m1_w1_r2.log
K1024,E,1,1,1,aved,2,2950802,190069,2955078,6d5ba20d44dd831d207221e4e41cd9f5bf8d0bdf542fce7ea45e7a68f32d0b63,K1024_E_m1_w1_r2.log
K1024,A,1,1,1,aved,3,6979333,543486,6983633,19db2d27e6574e35fca9b8a1ef9f49c49e9c0802972a38db9727023b0e94539a,K1024_A_m1_w1_r3.log
K1024,B,1,1,1,aved,3,3286406,214790,3290675,70971d512dc50054cec1aae3d10ea210bef1261e32f5214c03b1f97e021acce3,K1024_B_m1_w1_r3.log
K1024,C,1,1,1,aved,3,6645477,518915,6649746,dbe55407821b9aa976eec33058fd1efbade544867920e991c561af987cb05ff0,K1024_C_m1_w1_r3.log
K1024,D,1,1,1,aved,3,2966079,190219,2970394,4b7a56b1a671484e4d1e0131604ceebb90b1568e94f1b6eb112a07cb89479828,K1024_D_m1_w1_r3.log
K1024,E,1,1,1,aved,3,2951919,190069,2956228,e5906224b2c496fddd5f3a7f9eedbac41a6c705a9704da20018e3bf9f33f0ed9,K1024_E_m1_w1_r3.log
K1024,A,1,1,1,aved,4,6977849,543486,6982148,8d2541c3c7a4252f9de40974bbd98eaafec245a56b18d34301d45b27113b4510,K1024_A_m1_w1_r4.log
K1024,B,1,1,1,aved,4,3286355,214790,3290658,6fdfd7fa84dd6c4fadd7a448a51e9d3b16530b5a6de0461a9324465e930f43a3,K1024_B_m1_w1_r4.log
K1024,C,1,1,1,aved,4,6644745,518915,6649001,e0483abc04ce9f0c5564eaeee60180df9b87df222c14d39db90f3bf7fc473f7c,K1024_C_m1_w1_r4.log
K1024,D,1,1,1,aved,4,2965811,190219,2970089,5df2578738fcd22bf3df1a591f61cf0a450d5a7626c5ef08772fd5947172013d,K1024_D_m1_w1_r4.log
K1024,E,1,1,1,aved,4,2951493,190069,2955774,1c3fd3690b33b024df42f6469533c699788fe64b6207a88b2fc4539b36f3ac66,K1024_E_m1_w1_r4.log
K1024,A,1,1,1,aved,5,6979208,543486,6983603,bad46f1e0805d23a7bfa5ec5f47e3d729648d563d49c113d56b743fb5e4f5dbd,K1024_A_m1_w1_r5.log
K1024,B,1,1,1,aved,5,3286374,214790,3290677,995f52db16adda177e57a45cd60c0f0fefe3d1b0533004745c77b0380ed84942,K1024_B_m1_w1_r5.log
K1024,C,1,1,1,aved,5,6645798,518915,6650092,ea21b482804f94a5649dcf8736295c39d855080c68e9e60fa127c6df5010d14d,K1024_C_m1_w1_r5.log
K1024,D,1,1,1,aved,5,2966851,190219,2971163,4ab9f04db765061af13c7aeed1721988600c239e80b9d0eafc94e5754fb27290,K1024_D_m1_w1_r5.log
K1024,E,1,1,1,aved,5,2951540,190069,2955892,d55fbfea3862adc06017cb31e9d2e5e92b8568e6058cec0b2c0ae304d636fc4b,K1024_E_m1_w1_r5.log
K1024,A,2,2,1,aved,1,8238995,1158874,8243289,98c185bd7e8d8d72100749ef3ca811ad4ab333268b83b3837c2ccf17638afa1b,K1024_A_m2_w2_r1.log
K1024,E,2,2,1,aved,1,3986558,452040,3990900,2f04c10283eb6637b8c673f9ced3ec73faf04bc897ea4ec0d20863dc6130e60e,K1024_E_m2_w2_r1.log
K1024,A,2,2,1,aved,2,8243195,1158874,8247481,476f858d40c4a6f78ddc780e201f878d377938045927dc78c314b9b1481e6239,K1024_A_m2_w2_r2.log
K1024,E,2,2,1,aved,2,3992065,452040,3996396,9516c3a1408f7f5d6d4e374e07bf4cefa4c777aa141f692a30a2f4211a0eae3b,K1024_E_m2_w2_r2.log
K1024,A,2,2,1,aved,3,8251267,1158874,8255553,664d7a78e3e729f35f1d0658c7da36fda9005f9f273d92f104c83815339f4931,K1024_A_m2_w2_r3.log
K1024,E,2,2,1,aved,3,4007958,452040,4012386,5b339c9810cf74588b524042c267f43493976fd32f07b8f325e8bc9cf3629d5a,K1024_E_m2_w2_r3.log
K1024,A,2,2,1,aved,4,8240414,1158874,8244705,ba85e881be58e1ec8ed431e16f8b04519f0d27449afbbbbc07844d2e6fccf6ae,K1024_A_m2_w2_r4.log
K1024,E,2,2,1,aved,4,4022816,452040,4027131,3f6d4c41705c3042c071df69a0d0c81e01e50fd47cc697234c4bde0806555cb7,K1024_E_m2_w2_r4.log
K1024,A,2,2,1,aved,5,8239473,1158874,8243788,03d2b4571251b820be3a17c3160f07f5736c8ef3de4534dc849ae1c5966f08e1,K1024_A_m2_w2_r5.log
K1024,E,2,2,1,aved,5,4006977,452040,4011317,e4f9647571f59e6f43f1a46b2db85d1f5cfa3cb2090a291695823d0ab84c89bc,K1024_E_m2_w2_r5.log
K1024,A,4,4,1,aved,1,11674770,2317748,11679998,6541df164c2807107490c1ef91ca2bb88fd2e45414b055ed72ab1fb7aeb0ab33,K1024_A_m4_w4_r1.log
K1024,E,4,4,1,aved,1,5941395,904080,5946571,85196a7ba7cf9ee8fcd84ebde822bf46e08a91fce55dec546652aabef5e9c375,K1024_E_m4_w4_r1.log
K1024,A,4,4,1,aved,2,11640026,2317748,11645215,6bdf512d1828b62e85d424383d663e49acd67587eb95005a00c34015632ec6a3,K1024_A_m4_w4_r2.log
K1024,E,4,4,1,aved,2,5955068,904080,5960265,620ae5309b8b6105128037fecbb043fa8ba957a039e5657b43d6d96d8ec8ffdc,K1024_E_m4_w4_r2.log
K1024,A,4,4,1,aved,3,11675647,2317748,11680823,97da13e92bf7808d821750139e1732fa3cd1df4e48fb6576ff721dbe1fd60b92,K1024_A_m4_w4_r3.log
K1024,E,4,4,1,aved,3,5968520,904080,5973713,d7212aaf64d35e032f821b16bff0f71e8ac45e1e986ddff1051ae5c8baa1787f,K1024_E_m4_w4_r3.log
K1024,A,4,4,1,aved,4,11731587,2317748,11736818,ae873183305090f30a39128c97c438443208cb0a0896267102d109daa8c85e28,K1024_A_m4_w4_r4.log
K1024,E,4,4,1,aved,4,5952377,904080,5957651,14da6aafec3fa77404cadfee3867cf4e07887d3e74e42cd69de72a05405ca173,K1024_E_m4_w4_r4.log
K1024,A,4,4,1,aved,5,11646265,2317748,11651437,b8659743a71f4ddb824ffc04023c75e7bad076f8a2b2c846289a728af508b6b3,K1024_A_m4_w4_r5.log
K1024,E,4,4,1,aved,5,5948969,904080,5954177,2727bf63236a75c2a9f4fafed93581a4c9cd989ba7495765cf9b5547b77a7b8d,K1024_E_m4_w4_r5.log
K1024,A,8,1,1,aved,1,55817981,4346565,55822335,606955cf372c9fad918dfb071b9dc4eb5f2edad0157e35304a1ae0caf0bcdb76,K1024_A_m8_w1_r1.log
K1024,E,8,1,1,aved,1,23602897,1519229,23607242,d23eeaf3e965942f697565447c3c42e09064c803b3bf21f43adf773bd81eb52c,K1024_E_m8_w1_r1.log
K1024,A,8,1,1,aved,2,55817339,4346565,55821642,6b12cd9bb0dada55d7b2655e7d85f524b38de9faa06303e2e992f8c9ef9412db,K1024_A_m8_w1_r2.log
K1024,E,8,1,1,aved,2,23602761,1519229,23607073,528a34cf50e458d37204008b57963558f8eeb196401fdf487ffd3bb30a570f3a,K1024_E_m8_w1_r2.log
K1024,A,8,1,1,aved,3,55818219,4346565,55822539,76a838c9b87c0664048ae8d93302f343b99c50fe62912eec976d4d9f8ee75e10,K1024_A_m8_w1_r3.log
K1024,E,8,1,1,aved,3,23601751,1519229,23606077,25d7845babf9b2e38fa03d694b8b98638165db6f98f98a972de9be45ae22faf9,K1024_E_m8_w1_r3.log
K1024,A,8,1,1,aved,4,55820370,4346565,55824670,127346d885dedcf5678155e353a41055156a407009dd65a3d3e12e3d48ef8b6d,K1024_A_m8_w1_r4.log
K1024,E,8,1,1,aved,4,23602670,1519229,23607029,c84dab0cca480ee82ff5168431ad1dd862970b9402f990ac6ffd632a04a08134,K1024_E_m8_w1_r4.log
K1024,A,8,1,1,aved,5,55816093,4346565,55820432,085d2590f75c66fe8e0bae4fcf4bd25a13e89a6581d27d9f2f0d4aa17fd2b413,K1024_A_m8_w1_r5.log
K1024,E,8,1,1,aved,5,23600193,1519229,23604489,4a3995ead07be4dd37c0a91be52b044f3d0acb33d7230ffda6cc9975d14a2bea,K1024_E_m8_w1_r5.log
K1024,A,8,2,1,aved,1,32971992,4634362,32976335,7530d319ba469ca14a9e315f4cc0bf9d0887cf47c28c5f3d5051e2018f6b9431,K1024_A_m8_w2_r1.log
K1024,E,8,2,1,aved,1,15980168,1807026,15984490,342de6b12ea0f270b35d923d643ace9ad0943cce6c899669cb214a6f6da2d4a5,K1024_E_m8_w2_r1.log
K1024,A,8,2,1,aved,2,32969986,4634362,32974291,ee8e1afc53458ae7b47f465b610eef1c9ccea2961cb88c3766821ce4346557a0,K1024_A_m8_w2_r2.log
K1024,E,8,2,1,aved,2,15975517,1807026,15979824,3ad8626db7dc53022cd0c6018f25067ed9b162b13ee8225f8504e4d5147c7287,K1024_E_m8_w2_r2.log
K1024,A,8,2,1,aved,3,32971837,4634362,32976152,acc0baa6aa6a818d3145dcb6f374cdc5935c66bba25777512a41f1d6d39cc97c,K1024_A_m8_w2_r3.log
K1024,E,8,2,1,aved,3,15985541,1807026,15989929,5fdf0ec517b425e36a12240e8fe45aaa4e39772cfba3a109dccb4fdef2576d4b,K1024_E_m8_w2_r3.log
K1024,A,8,2,1,aved,4,32955071,4634362,32959416,694cad9200bf63c5e36c9c0b5afabfe40c8de43cb035c089a54a3513100ae155,K1024_A_m8_w2_r4.log
K1024,E,8,2,1,aved,4,15962656,1807026,15967009,928a8ca33c0ab1637abb430fa12b1dd95f2fdc321c43918986fdff33e9e04ac3,K1024_E_m8_w2_r4.log
K1024,A,8,2,1,aved,5,32973447,4634362,32977736,673f68fcca0c6f32986c3a6d242d122a2d9364b9d94c03b1f27fd3496da58c0b,K1024_A_m8_w2_r5.log
K1024,E,8,2,1,aved,5,15977267,1807026,15981644,1145500e5ad2d57ed7c6b6afb102d610a1fde10b62e44b2eb2ed4c747fd55281,K1024_E_m8_w2_r5.log
K1024,A,8,4,1,aved,1,23397764,4634740,23402912,1c726c308ef1cd0901a2d5c113392a1005bf95173be8724e3209b1903bb3510b,K1024_A_m8_w4_r1.log
K1024,E,8,4,1,aved,1,11921925,1807404,11927116,1ae633920c8dcdc6e818057bc3878ac238af765120a3232ef40eb926755bc891,K1024_E_m8_w4_r1.log
K1024,A,8,4,1,aved,2,23397215,4634740,23402471,0a8045d16984e08e95dea3982524617e20324d652dc1bab12d0db1b249bd24a2,K1024_A_m8_w4_r2.log
K1024,E,8,4,1,aved,2,11918945,1807404,11924069,3e5fa8dc15ab682031639c393e75a2d412a1b69d587be45c7a624fa1447cba1a,K1024_E_m8_w4_r2.log
K1024,A,8,4,1,aved,3,23300252,4634740,23305484,32debcc2064775cc371b6aea3e41e1d75c0474bb29d7a22c6e77e16f6e92aa7b,K1024_A_m8_w4_r3.log
K1024,E,8,4,1,aved,3,11882186,1807404,11887421,0d956055bdd87776c60e7118e65660d4eba342afc4259d177a92c7b114eec21e,K1024_E_m8_w4_r3.log
K1024,A,8,4,1,aved,4,23310989,4634740,23316134,b49b0eac2a50464dea9954d1a121f808c74eb07c657ee13d46e8a6bbf6199c9c,K1024_A_m8_w4_r4.log
K1024,E,8,4,1,aved,4,11865290,1807404,11870389,916c1aacdec2059e8aba8802663c055ceb1e5148c1b1e12f10e16ce088362071,K1024_E_m8_w4_r4.log
K1024,A,8,4,1,aved,5,23426870,4634740,23432100,369be36a03b629c150eb258793c499f12e6af82f3b404a322edebdf960b867d3,K1024_A_m8_w4_r5.log
K1024,E,8,4,1,aved,5,11890153,1807404,11895284,2b28fd7ab94a00c673195da1cc62f81339f8b27c6c1569ae35da8247e6b372d7,K1024_E_m8_w4_r5.log
K1024,A,8,8,1,aved,1,21258421,4635496,21267477,579d707d376d1fe23ee0e7a74cf4090f7ee6a22a43188a4b7fc115925322b371,K1024_A_m8_w8_r1.log
K1024,B,8,8,1,aved,1,11767993,2005928,11777252,8b79aebdc3021c5d9e0d1edd438c9b8eed3c183c1c9c241be21194bb49d5078f,K1024_B_m8_w8_r1.log
K1024,C,8,8,1,aved,1,20554965,4438928,20564283,0ff4fd18812c40ef84891bb0c7c2ba960c72fcaa49e13d11707cff481b1c7dde,K1024_C_m8_w8_r1.log
K1024,D,8,8,1,aved,1,10792121,1809360,10801333,5e5b7343f515745f3802e4aafa8a201dad7b9911834c794036838d962447b662,K1024_D_m8_w8_r1.log
K1024,E,8,8,1,aved,1,10643412,1808160,10652615,e04d2ad566d3db6646fc515d7a0d8def814d1d5db3f7530fb24a12be145e3fcd,K1024_E_m8_w8_r1.log
K1024,A,8,8,1,aved,2,21428248,4635496,21437497,db5e0e2b8d885d7df93556700c99263bab02cda98815927086b23ae29e7fdbbf,K1024_A_m8_w8_r2.log
K1024,B,8,8,1,aved,2,11676928,2005928,11686222,bb5c64b74e31bb95d8916ebf1d74b3f30f6b8d4a6ac48589a6851cd15c0ca379,K1024_B_m8_w8_r2.log
K1024,C,8,8,1,aved,2,20536684,4438928,20545940,8650a8bbb9031635f3cc503d99210a336e37fc867a823ec63895128f62972f29,K1024_C_m8_w8_r2.log
K1024,D,8,8,1,aved,2,10774470,1809360,10783764,519f0d5842eff8ea20a330ecd044989c26356c2b8a3b02878cbb89db8942483c,K1024_D_m8_w8_r2.log
K1024,E,8,8,1,aved,2,10651029,1808160,10660246,5bf7788ed885275883ccee5866bb5145015e8092997b3a2c2b19a109c3ec6167,K1024_E_m8_w8_r2.log
K1024,A,8,8,1,aved,3,21490093,4635496,21499569,ceaf3adb39e52651a8176aab1e08cbb9050de6394cd373836ca917144fa034b9,K1024_A_m8_w8_r3.log
K1024,B,8,8,1,aved,3,11681400,2005928,11690663,fdfbf29b8039d29ce6d710cc17c8b77c57b48032ffb0035c34e134bc26ba2f93,K1024_B_m8_w8_r3.log
K1024,C,8,8,1,aved,3,20635213,4438928,20644339,6ee4660dc356aedbced724328d7b77bbc08a89e27191c675ed2ee203682707c8,K1024_C_m8_w8_r3.log
K1024,D,8,8,1,aved,3,10827752,1809360,10836922,25b035e07fa5d710e885d92f6aab46ca71f8b9438f32c2a74d8693905778f7cc,K1024_D_m8_w8_r3.log
K1024,E,8,8,1,aved,3,10635694,1808160,10645171,2bed4c06dc9b41d030e724817aa46e28ae3a40baef0c092287d84ba8cd5620d6,K1024_E_m8_w8_r3.log
K1024,A,8,8,1,aved,4,21458317,4635496,21467510,83bf38ce4bcda1d5701d27647c213635872f1dec1021dbde6556f49915646c2e,K1024_A_m8_w8_r4.log
K1024,B,8,8,1,aved,4,11649077,2005928,11658394,a72f077f1cb7b5eb7777492e98da1708fa0fa4dd147b5d687f829d9eada4e835,K1024_B_m8_w8_r4.log
K1024,C,8,8,1,aved,4,20490190,4438928,20499354,0b81e78d0ab3a59e108cef200357ec02f4942e0891765d98ab113c229712349b,K1024_C_m8_w8_r4.log
K1024,D,8,8,1,aved,4,10834009,1809360,10843305,5c8fcae3317d6d22e70268c446ce8a24d6094d27c4c5a957e7ec390445d3c4e1,K1024_D_m8_w8_r4.log
K1024,E,8,8,1,aved,4,10732776,1808160,10741951,6c30bf7da5fa4d9db451039286bf1f1e08895fb747b7ca346d4174f940ac3021,K1024_E_m8_w8_r4.log
K1024,A,8,8,1,aved,5,21334394,4635496,21343776,f4f68a54ca4fae9b0c14eba8fc836b58f498241a6c0dcf47e18bae97684e7c21,K1024_A_m8_w8_r5.log
K1024,B,8,8,1,aved,5,11627217,2005928,11636229,b8a5647fca6058cd830b7f5a3cb86762445b24d5c2fac2d48693b779bb518f56,K1024_B_m8_w8_r5.log
K1024,C,8,8,1,aved,5,20537514,4438928,20546709,0405eef2d1dbf4ee4b72e17a6929480636e6c3d309dd253268db878786ff0c23,K1024_C_m8_w8_r5.log
K1024,D,8,8,1,aved,5,10776453,1809360,10785629,943670650687a0035358a46c32dcba150a7feb98197c8c9cf5038f85b6d01f6c,K1024_D_m8_w8_r5.log
K1024,E,8,8,1,aved,5,10642258,1808160,10651248,98b30e5d070ce1a7ef0f9db572af6e3a69d25574db79bd83e66af8acf0b7bf2d,K1024_E_m8_w8_r5.log
K1024,A,16,8,1,aved,1,42834471,9269480,42843836,212bde7e75e6be74355ce748ef8b32049d79185480dca69acb039e0ee9e07f56,K1024_A_m16_w8_r1.log
K1024,E,16,8,1,aved,1,21221991,3614808,21231229,ef189dccfb77489f8e12995815b4fadc73e92f6da29613973538beac0f1e20ae,K1024_E_m16_w8_r1.log
K1024,A,16,8,1,aved,2,42812790,9269480,42821916,81f5b6da937273edf750e324f7a00e7e371b433759564d7cfc0aecec1ac493d6,K1024_A_m16_w8_r2.log
K1024,E,16,8,1,aved,2,21282314,3614808,21291475,787b29d82794d04707b97c0420f0e4871aaac052b14948818bea171c88b57e55,K1024_E_m16_w8_r2.log
K1024,A,16,8,1,aved,3,42734721,9269480,42743937,7676612797b4a00af29c7c102219a900b11e0fd65bd2e48f1bb615697baf420f,K1024_A_m16_w8_r3.log
K1024,E,16,8,1,aved,3,21341358,3614808,21350432,b37c7272fcf7cf5ea871bab9f6730c2b8b61add958266d7b43d263ec56b13af5,K1024_E_m16_w8_r3.log
K1024,A,16,8,1,aved,4,42792862,9269480,42802019,ba30eaf902d0d5164c5354deb0028870da348c3226266931074651e7d312c07f,K1024_A_m16_w8_r4.log
K1024,E,16,8,1,aved,4,21207043,3614808,21216393,88c66af5e2691f27ba3ef465320862e63ba13b0bbd6f1384e0cbba1304e12ec2,K1024_E_m16_w8_r4.log
K1024,A,16,8,1,aved,5,42623659,9269480,42632817,8f74407e981a8c81fbe9cbfaf50cf1688206dd496865dd61ff570fcdca96ec4a,K1024_A_m16_w8_r5.log
K1024,E,16,8,1,aved,5,21272844,3614808,21282000,a5f25fa8cf4a603adb7aa62a34c9a06021b12c64c5b3698eb6fd8067eff916fc,K1024_E_m16_w8_r5.log
K1024,A,32,8,1,aved,1,85466392,18537448,85475694,96edd0994e8f64e6d6d2eea1affe81c14af8f9ed6a5bca7e2385ec4ac805686f,K1024_A_m32_w8_r1.log
K1024,E,32,8,1,aved,1,42622587,7228104,42631806,a30111aa87beb7dd2a7cbae01638228a3eedbf3de777782992656735ebc53b49,K1024_E_m32_w8_r1.log
K1024,A,32,8,1,aved,2,85724145,18537448,85733087,c79ce948f0e8cc0f97dca46258ff245a44ee43cae51628e66acdfe88d25ec891,K1024_A_m32_w8_r2.log
K1024,E,32,8,1,aved,2,42632266,7228104,42641350,e2cb994c78f0aad15422911c26f67cb5b08ff83f3ccdd2fff94855b39e08fde2,K1024_E_m32_w8_r2.log
K1024,A,32,8,1,aved,3,85252342,18537448,85261768,05ff2778a99fccec4093a09a844607e4e616adeceafb28999d0b689d017f6f67,K1024_A_m32_w8_r3.log
K1024,E,32,8,1,aved,3,42675039,7228104,42684074,0a53194215358ff57dba1fb14c377a79a2d69ade68eb1504207013a986d7cf95,K1024_E_m32_w8_r3.log
K1024,A,32,8,1,aved,4,85358100,18537448,85367296,8ec917c0386e46b60ab4b3e53b018f832ca7aeff54c72b1a1a902cd70247d0a2,K1024_A_m32_w8_r4.log
K1024,E,32,8,1,aved,4,42582102,7228104,42591264,3ebe8605594221e3dca18e514ab956374118e2df843a62f6edb1b9885aba60ea,K1024_E_m32_w8_r4.log
K1024,A,32,8,1,aved,5,85465531,18537448,85474750,093b42858fe295b3ad5423f7c35112c8ea6d78caa43cd00ba1c0519f13a655eb,K1024_A_m32_w8_r5.log
K1024,E,32,8,1,aved,5,42615772,7228104,42624973,8bbf9882f94b3c133f9c332d3137d8bd54e4acdd70c48d6ef445024169376703,K1024_E_m32_w8_r5.log
K1024,A,64,8,1,aved,1,171118446,37073384,171128003,fd2a0d086f9a170d7b5c67cf5e39796801239708fbc6f5837df1d9af106f4079,K1024_A_m64_w8_r1.log
K1024,E,64,8,1,aved,1,85106453,14454696,85115573,c31e102e05b33a0285675b50ecc09f58bdd2aef12cc9cf3032e6f724b2d30e03,K1024_E_m64_w8_r1.log
K1024,A,64,8,1,aved,2,170569075,37073384,170578095,68abe4885dd173484e0e417419ab130ef70666f47e2b02e3c5761aeb32787fe3,K1024_A_m64_w8_r2.log
K1024,E,64,8,1,aved,2,85191111,14454696,85200238,d62fa53260e24756991c50f5662996bab85b79fdeb1cb44d95d3737aa1adf3d1,K1024_E_m64_w8_r2.log
K1024,A,64,8,1,aved,3,170665426,37073384,170674526,dc44f31890cdff150e0971dd8eb828b8d67c6473977b568334c608d263741df6,K1024_A_m64_w8_r3.log
K1024,E,64,8,1,aved,3,85174149,14454696,85183382,64bbc11306a16b8806e140902b0845a756604b94b1b72dc8c7e0d384f8a9574b,K1024_E_m64_w8_r3.log
K1024,A,64,8,1,aved,4,170774745,37073384,170783852,b588e146e0265791ab8a0fba17adf48300922b834958a415ab348108ca0caee4,K1024_A_m64_w8_r4.log
K1024,E,64,8,1,aved,4,85259773,14454696,85268792,cc70871bba1d892727434a1ba39d05665c04d5d0932cc95b49b8c650f3c7adf2,K1024_E_m64_w8_r4.log
K1024,A,64,8,1,aved,5,170952130,37073384,170961356,dafeb7d7a93ae6466297ad61c7b2f58f1de4a5802416dd866bf7e7104fc1d4c7,K1024_A_m64_w8_r5.log
K1024,E,64,8,1,aved,5,85122822,14454696,85131962,cfd5eda32b066703a39bf983004d2603b14164cbd34bc1bd4bacb5dd33cb77d0,K1024_E_m64_w8_r5.log
D44,A,1,1,1,aved,1,20157264,1695763,20377125,e32f8565df81fa9caef075315df7013fd00c26d88d4b233fbd76be39450af75a,D44_A_m1_w1_r1.log
D44,B,1,1,1,aved,1,13479199,1116791,13701679,7dfb1e49be058b421b7bbbdf91cce38ef1b1680b98228387fc1dc8e4f03b40c9,D44_B_m1_w1_r1.log
D44,C,1,1,1,aved,1,18417215,1572083,18637037,3c65d6a7a0e6641ac30a9b1e020d2aa2a694da79c0c65863f916f26961fbd57e,D44_C_m1_w1_r1.log
D44,D,1,1,1,aved,1,11755241,993111,11977754,d7990372c29290a520e7141195ac912f5b73b29af96a0f2ffb5cfb33f18b5298,D44_D_m1_w1_r1.log
D44,E,1,1,1,aved,1,10253290,825435,10477065,26f846e123c49c5d73460a784927cbd207d085db8d9189f60cfed2094e6ca4c6,D44_E_m1_w1_r1.log
D44,A,1,1,1,aved,2,20158273,1695763,20378189,ca67ea8d9fdd029d66e9f5a83647acb0bc3045b05c33a7165ca822e652424d9c,D44_A_m1_w1_r2.log
D44,B,1,1,1,aved,2,13480064,1116791,13702541,aebda8894a3b115892f8561c6b0e0c74876eae7823bbcc559c2bd1bb84b5dd2b,D44_B_m1_w1_r2.log
D44,C,1,1,1,aved,2,18416495,1572083,18636304,e6b820b9e71f61b2befdb0f3b0287b0470528146a3ae86ebf7e887cf78c999fd,D44_C_m1_w1_r2.log
D44,D,1,1,1,aved,2,11754596,993111,11977227,c629028e89f495953f51f20741005e321610d31a8e6e8c9e3ef2d37d65194d50,D44_D_m1_w1_r2.log
D44,E,1,1,1,aved,2,10252720,825435,10476522,c77b2b78dcfadf085dc7e5c88de76ae53cad44afaaca588d08c238fab275b8dc,D44_E_m1_w1_r2.log
D44,A,1,1,1,aved,3,20158769,1695763,20378569,f4086ee0b1d549db5091ffd2b631cc555ff1740dfd0138b5d3e47b1ae33d76fe,D44_A_m1_w1_r3.log
D44,B,1,1,1,aved,3,13479632,1116791,13702098,582ce1847097483149dd30b0f21fded13f0b9df4ddd3713b123c871a4973db43,D44_B_m1_w1_r3.log
D44,C,1,1,1,aved,3,18414688,1572083,18634507,3f8ef6b391c101e3209d166d351a2b2cbfe29796f8e1490ef5666d67b2d3b177,D44_C_m1_w1_r3.log
D44,D,1,1,1,aved,3,11754583,993111,11977125,433a4ecdf8da3e0d7b9afdf060c0f1c26ae3d1f19acbd69dbbc22c115c7e87f7,D44_D_m1_w1_r3.log
D44,E,1,1,1,aved,3,10253089,825435,10476930,de57edf4e50b09007116b8b2599cf011725c54e358e8cc104e20ded3ade03f9a,D44_E_m1_w1_r3.log
D44,A,1,1,1,aved,4,20158202,1695763,20378092,9bf8741e84698c735c63f648dde186c2fd429862bc0d7347b1bc83c14d9ea5eb,D44_A_m1_w1_r4.log
D44,B,1,1,1,aved,4,13478856,1116791,13701382,0d463055a1f03673ccf68e47ff02bd7ec9474931fa8ee1c2488b5ded59f00e8d,D44_B_m1_w1_r4.log
D44,C,1,1,1,aved,4,18415712,1572083,18635537,453377966bc4aa1ecd8dbe2c3371d748bcfc84c1320449c03952cd00eca7d2dd,D44_C_m1_w1_r4.log
D44,D,1,1,1,aved,4,11754651,993111,11977228,1f0da3885c1afac79c0a6655f95bb1c680f7f2d62196a382e26b8275f17f9082,D44_D_m1_w1_r4.log
D44,E,1,1,1,aved,4,10252526,825435,10476355,5b94188bf91a576aa4504e35b4c3e579126bd3b7ecdb6f21a3c1307ee0bbcb25,D44_E_m1_w1_r4.log
D44,A,1,1,1,aved,5,20158120,1695763,20378042,cae7056d14da77d23c5135363451d36c5739a4c75b2f71250fbe390cae893172,D44_A_m1_w1_r5.log
D44,B,1,1,1,aved,5,13480138,1116791,13702654,df441f69ed86c4f8ef8c52a72963972d51df6cea3b6b26f20b18a54fdb05ff8f,D44_B_m1_w1_r5.log
D44,C,1,1,1,aved,5,18415712,1572083,18635543,f087879c958f795d4bf7ccb5fb994572424afe85ccc4846dad0375cdc8e7eb28,D44_C_m1_w1_r5.log
D44,D,1,1,1,aved,5,11753971,993111,11976481,f828ba6da49dc60746982e5915eb3ff4aed93b9d32613f20e355a8fc02f07238,D44_D_m1_w1_r5.log
D44,E,1,1,1,aved,5,10252404,825435,10476222,da124378fac1bd1d71f19e15cecfb5856859a05466d5070e24f36c9690b87f3a,D44_E_m1_w1_r5.log
D44,A,2,2,1,aved,1,35062337,4521905,35282210,735f3f143a69d949b3ab96b7fe5e39d7c58e67dbe478dbc4f556928745d084eb,D44_A_m2_w2_r1.log
D44,E,2,2,1,aved,1,18775291,2319983,18999116,854ac95dbd69f879ba14abfdda7e582c6fb83b523507eb1d58607da7f36bdf6a,D44_E_m2_w2_r1.log
D44,A,2,2,1,aved,2,35066928,4521905,35286879,65bb020335de3bc1f16e48d530a5dfb577e86a561e9f901b26c06a1d390982a2,D44_A_m2_w2_r2.log
D44,E,2,2,1,aved,2,18779560,2319983,19003350,a96a87f9c4df51c3ce32e501cee3c9e3e87dc2fbdc4f72ae168f6bee78027411,D44_E_m2_w2_r2.log
D44,A,2,2,1,aved,3,35061003,4521905,35280858,885afcdb9d8f1f601f45619b2bdfdfe5712584210cca4816fce4ec97780d8fe9,D44_A_m2_w2_r3.log
D44,E,2,2,1,aved,3,18763628,2319983,18987499,340aa21c93768acf360bc81e106ff7bb3993dfca7ceb292a60e517d7280dd819,D44_E_m2_w2_r3.log
D44,A,2,2,1,aved,4,35052261,4521905,35272207,4a2c92fe6cd8fe5f7be3308ee08073603a30bc52be05040943c29717ab1e5155,D44_A_m2_w2_r4.log
D44,E,2,2,1,aved,4,18768684,2319983,18992507,a47c044a55390362d5f7b0d57092e82f75f7ff7f535bda4f34984591ca3a6560,D44_E_m2_w2_r4.log
D44,A,2,2,1,aved,5,35038848,4521905,35258752,8e2c8f43c78ff35f8af85ae4b036f713ed7677d30ac35c9be9788fc6275e99dc,D44_A_m2_w2_r5.log
D44,E,2,2,1,aved,5,18785553,2319983,19009374,b1da8677aa2dbcde754f04a8671f982b16340a0098a794765214391ed86eac7e,D44_E_m2_w2_r5.log
D44,A,4,4,1,aved,1,45750265,8819489,45971189,b46d8eed06d9c65b650cd7d3eeade6d8a578601d2ec4affd21fe5bae9c402243,D44_A_m4_w4_r1.log
D44,E,4,4,1,aved,1,24329454,4523231,24555389,198a35003b3bde9f5ba24a2faf92278ddebb4792b84c8a43c233baf6c4715042,D44_E_m4_w4_r1.log
D44,A,4,4,1,aved,2,45904910,8819489,46126785,d1061d80b3f2e099aa9c3db4d2397504a3346dc7d3e0402f2982eb72d81dd052,D44_A_m4_w4_r2.log
D44,E,4,4,1,aved,2,24333943,4523231,24559291,c4c6738589300fe9c3d092a41488a08872cd0558b980c2f0ba8cbec6fa7c235e,D44_E_m4_w4_r2.log
D44,A,4,4,1,aved,3,45886950,8819489,46108852,28134e2c27e6174d123cabcafdc3145cadc48356d2ff4cdf48d948c5af7f3583,D44_A_m4_w4_r3.log
D44,E,4,4,1,aved,3,24325485,4523231,24551365,f7de5d9542e38d25a3284c061f7a9442ce59613ad08e05342ac15321202e8706,D44_E_m4_w4_r3.log
D44,A,4,4,1,aved,4,45807086,8819489,46029019,31f13cd162a5a8ded83a21e6f4151d56e7a4d6f359a476c33be1f8cd379185ea,D44_A_m4_w4_r4.log
D44,E,4,4,1,aved,4,24355685,4523231,24580597,745b797d8d5a3a070faadd656f47f1fe98829939d9fda40a8a519f7a9f066de9,D44_E_m4_w4_r4.log
D44,A,4,4,1,aved,5,45780952,8819489,46002145,322cf365404fd598417cadc5de026f5d10c7be2eff9195bb56bcc104226ca91a,D44_A_m4_w4_r5.log
D44,E,4,4,1,aved,5,24334804,4523231,24559998,21abc1a72f843bbfc32a8a86c83f6f16a2a6bf97eddbe98530a55141d7e9d3a9,D44_E_m4_w4_r5.log
D44,A,8,1,1,aved,1,167380536,13912733,167600316,d756b265f5b9970cad200872ba55b455ed3c6a90e48b7cb401adaf7d55c4e898,D44_A_m8_w1_r1.log
D44,E,8,1,1,aved,1,85960819,6786530,86184625,56c21416927cfe7a6379a7199e21ee0b98a12a36f8b038f0e8bb0237cdd3c394,D44_E_m8_w1_r1.log
D44,A,8,1,1,aved,2,167375943,13912733,167595738,ff61689b1211729b7d63d95d6a1daa26156aa9a54f528bf1e2d4c884ceee43b3,D44_A_m8_w1_r2.log
D44,E,8,1,1,aved,2,85966698,6786530,86190494,f2389d6b5c5ddd8d8324fa502475141b5baaf2b29502137fdf0d4e0bcaca4d6d,D44_E_m8_w1_r2.log
D44,A,8,1,1,aved,3,167375546,13912733,167595378,f5702b4a0f58e95c5ebb460a09d04bc6833716ac373e48640dfb5f5db641b606,D44_A_m8_w1_r3.log
D44,E,8,1,1,aved,3,85965033,6786530,86188867,b1fdaeedfe457b9d3ee5422dbb4f52e03c7c8010a2f8a12decee8981c9cb5a8a,D44_E_m8_w1_r3.log
D44,A,8,1,1,aved,4,167371658,13912733,167591407,64ffa1c206fa5f1517ccb95fd123030a9362be0d9c51958a739f44f73d4350f0,D44_A_m8_w1_r4.log
D44,E,8,1,1,aved,4,85961913,6786530,86185746,d670962b0ea03fbce79c6451a875a1f0ce0dec36e3d919fc7532492a0bd70b73,D44_E_m8_w1_r4.log
D44,A,8,1,1,aved,5,167377828,13912733,167597608,358d62b1ae0f33af4606bfb53aed92be29769ac74ef3ce716dad82934fa2dcba,D44_A_m8_w1_r5.log
D44,E,8,1,1,aved,5,85962799,6786530,86186608,a1bb4a4441749fa534b9be810758e0948f784a4d25f06b50c0a60fc47760e34e,D44_E_m8_w1_r5.log
D44,A,8,2,1,aved,1,115356944,14614660,115576775,faa0ce981e149ec8e5a786b9b0cc05fd892bd42864a18e0de57c710b5e2b42c0,D44_A_m8_w2_r1.log
D44,E,8,2,1,aved,1,61401362,7488464,61625193,ffe9923a987d49c27dd88dc2edceb0c8877c59fc4d4428877fff2e656a336579,D44_E_m8_w2_r1.log
D44,A,8,2,1,aved,2,115348861,14614660,115568726,670eacbe5d5deaac12250c244e17e4fab98102b4f3625ed0e68d8becf13e35d7,D44_A_m8_w2_r2.log
D44,E,8,2,1,aved,2,61413521,7488464,61637293,497ebd14359652d105a2fe7746fbd4ec9fe4118b4d65c6b312d32cb899ab4e95,D44_E_m8_w2_r2.log
D44,A,8,2,1,aved,3,115299037,14614660,115518938,1e7db252e086333bfdfe067b02d8482526c6bf0e9460df2d7d2e73ab7cbccb40,D44_A_m8_w2_r3.log
D44,E,8,2,1,aved,3,61425564,7488464,61649362,c36dff641d0364e827f82b0819d66e2b775f40c9165564ad2d0052486d33071d,D44_E_m8_w2_r3.log
D44,A,8,2,1,aved,4,115037894,14614660,115257765,2b8b63386699573e618fd56283e837b1a5a2bba35c6693b899ad7d7c36736c4a,D44_A_m8_w2_r4.log
D44,E,8,2,1,aved,4,61485905,7488464,61709723,57548264e97e619ccd3036b15f5a76807603c3ff27015ebbef6c22095bb9d5f9,D44_E_m8_w2_r4.log
D44,A,8,2,1,aved,5,115094498,14614660,115314373,b94620c8e98f8b017437f2a0af430b6267a5a05e6bd398a8ab086263a2f5f3cd,D44_A_m8_w2_r5.log
D44,E,8,2,1,aved,5,61449650,7488464,61673457,cac9f8194d34844f3830e430fe4bdcc5148a2561345c03c9d1e0953aef49cb61,D44_E_m8_w2_r5.log
D44,A,8,4,1,aved,1,73547364,14614974,73769214,856cc789cf5f46ade7e0eee75eab8372cd67d63d6d2e40994c854b5a9295bb1a,D44_A_m8_w4_r1.log
D44,E,8,4,1,aved,1,38872287,7488776,39098169,8cf5bdbc84841f1ba0c22d3826095f68ab2cdba2eef82dbc335d43f00123e075,D44_E_m8_w4_r1.log
D44,A,8,4,1,aved,2,73593669,14614974,73814551,45edbe7ed500965419010f74a656851562b918f6f4aecf47e3f5414a56575cb2,D44_A_m8_w4_r2.log
D44,E,8,4,1,aved,2,38952227,7488776,39178126,bdc7464f8f1f92fa04125fe1d1cba6b65b172c6a97b656809f9b5281a289bebe,D44_E_m8_w4_r2.log
D44,A,8,4,1,aved,3,73430577,14614974,73651893,a847d8b6a6a3bb1dce62c48ea102db16aa136c5d657639ae6afd3444a98e2219,D44_A_m8_w4_r3.log
D44,E,8,4,1,aved,3,38862217,7488776,39088049,a35586b2cd3a10b61ee69f703fbc5d7f36f374d2c00a218071ee8e968782bee8,D44_E_m8_w4_r3.log
D44,A,8,4,1,aved,4,73582466,14614974,73804372,ff8955d8424635c2555ab28284de8927b32bd0d09fda240a25720bd11eec9e08,D44_A_m8_w4_r4.log
D44,E,8,4,1,aved,4,38892717,7488776,39118613,584196c0c2e21988cf11b6a401574b9e8fb3b2425b4cde069a3aa46a49b38e28,D44_E_m8_w4_r4.log
D44,A,8,4,1,aved,5,73635935,14614974,73856828,04264e8b1657369044df11c506bc49247abcbce0975252629a0776f8e410445e,D44_A_m8_w4_r5.log
D44,E,8,4,1,aved,5,38857222,7488776,39083204,b95011f435887d87febb8d6196fa64929acd0412f19119b32ceca219a6733d78,D44_E_m8_w4_r5.log
D44,A,8,8,1,aved,1,60893570,14615602,61159107,0783bdca32fef467703f11d4b6a129a88b1ec24e744eb158a2942c6bf5f9c820,D44_A_m8_w8_r1.log
D44,B,8,8,1,aved,1,40387083,9792690,40650227,57a382b26585afca8651ed8c1369e36b1dde9fcef312b45f219366297a42ac99,D44_B_m8_w8_r1.log
D44,C,8,8,1,aved,1,54272424,13589298,54532464,0206a63b880e6320b79811e87e1f2a86f363e4abd8e9369fc7303b999d122e62,D44_C_m8_w8_r1.log
D44,D,8,8,1,aved,1,33799008,8766386,34065148,9bc9ee8d67d68b7238821b54555c5f3ac0537a816f3f40fc7d31d3a4ff0a1266,D44_D_m8_w8_r1.log
D44,E,8,8,1,aved,1,31026645,7489400,31292513,afb105d5ec781928f84871ae6b22348a74cd06c89e1b186c8da1667500c7a58a,D44_E_m8_w8_r1.log
D44,A,8,8,1,aved,2,61029664,14615602,61297471,d521acb5392d47ed5ab30626ea29654524e36d91aefef75fe0e1288ca68b8f2f,D44_A_m8_w8_r2.log
D44,B,8,8,1,aved,2,40304931,9792690,40569921,31d6267c6e55ffd00d7d1536bab6003b0d6fa86360c9250741d8ff5ccbd649ef,D44_B_m8_w8_r2.log
D44,C,8,8,1,aved,2,54410733,13589298,54672977,09e61452a49f4b848b69209a84c84d811a9bc06da28eda45d586477516e40fb4,D44_C_m8_w8_r2.log
D44,D,8,8,1,aved,2,33798150,8766386,34062436,8200b4597ce865ff4bf14a0a6ee27763d9e18550ac46017152b70205af2ad7ab,D44_D_m8_w8_r2.log
D44,E,8,8,1,aved,2,31135088,7489400,31397841,8741c28f00656a980d2b24cbfc56f04fb2277846b83e18dcf92eac742587080f,D44_E_m8_w8_r2.log
D44,A,8,8,1,aved,3,61200072,14615602,61462270,318d8480bcfb3fb6d3b3a127781f362ef2db13984ca6aeb5af65187bd9e3fc60,D44_A_m8_w8_r3.log
D44,B,8,8,1,aved,3,40355351,9792690,40620728,a47aee6b441b361b0e77afd7cefbc1b0a24efd87ed6a6469ed65b1a009f9f7a1,D44_B_m8_w8_r3.log
D44,C,8,8,1,aved,3,54435801,13589298,54697520,48b0dfb367f6e2ff02732c3df608a2ffb1a3726a3bbb3734b57f4102fdcfbf95,D44_C_m8_w8_r3.log
D44,D,8,8,1,aved,3,33749482,8766386,34018603,bc54f51b91b33ec2635d800c57dee15c3f677953344e03ef40875b728fc3f915,D44_D_m8_w8_r3.log
D44,E,8,8,1,aved,3,31078584,7489400,31344400,26ee97ac6578e2fdf489ff8b61ce199a177209404170c181ff7e440c604abc99,D44_E_m8_w8_r3.log
D44,A,8,8,1,aved,4,61098973,14615602,61361599,b05dcfe3e5a76623bd1e5e05c027438223888d5ab20249c4251e38ac0b6cb6b5,D44_A_m8_w8_r4.log
D44,B,8,8,1,aved,4,40365007,9792690,40630068,804df0f3d18db9bcb79a862ad3e90a935d8339979528e23fd3d7a4c7c9dc0510,D44_B_m8_w8_r4.log
D44,C,8,8,1,aved,4,54490668,13589298,54757845,6b7c7040466296b4ab96a56a776fd0b400c9acc7a62641ce6f1e473b6bebf717,D44_C_m8_w8_r4.log
D44,D,8,8,1,aved,4,33774391,8766386,34041773,e91dc5faec467e9e565c210307b72f12fade03243c0564412a663a9ad979db39,D44_D_m8_w8_r4.log
D44,E,8,8,1,aved,4,31071024,7489400,31338643,ce3be488ebbe1704ef31385c61f9bd3d903fd06aa1063294fe9824af288c8919,D44_E_m8_w8_r4.log
D44,A,8,8,1,aved,5,61187276,14615602,61444902,aea436ae64061358cc8dba00380880f35ad5248e6599820974908116c9701908,D44_A_m8_w8_r5.log
D44,B,8,8,1,aved,5,40360497,9792690,40625635,39e7fa4cde707a93382e42f2c66b4cc14c9597734b307d9d159125490c6edbca,D44_B_m8_w8_r5.log
D44,C,8,8,1,aved,5,54369662,13589298,54633368,d75469bdab291462f6925b53e044bcb12dcb9aa5b92e2eb119247eae7d67ad1e,D44_C_m8_w8_r5.log
D44,D,8,8,1,aved,5,33812942,8766386,34079012,0bea24f639f59e7dfa26ea5e73bf3400be737d853a798a9c451a4cbc99543019,D44_D_m8_w8_r5.log
D44,E,8,8,1,aved,5,31085010,7489400,31350666,9ea1306d56a06f2d9459807fa3dfc31aad9847433528d317b6fb38e95f34234e,D44_E_m8_w8_r5.log
D44,A,16,8,1,aved,1,118575407,27915982,118839060,e9c1b75059dd536bdb5bac669e9e24554048ddfa7e4be597869f6e4e36779025,D44_A_m16_w8_r1.log
D44,E,16,8,1,aved,1,60369125,14291639,60635712,21827daefb73094f805e559e950a1cfc9f9642b3402e44514d52d546becb6e1f,D44_E_m16_w8_r1.log
D44,A,16,8,1,aved,2,118346075,27915982,118606813,15fe9405629b699dcb4259cf8210a386e426fb5f583348f2b917566cb61327f2,D44_A_m16_w8_r2.log
D44,E,16,8,1,aved,2,60324536,14291639,60590731,48f8ca000866a5e4fb12544a37ce6a147fd1b8a9481268072a3a4c7add59b5bc,D44_E_m16_w8_r2.log
D44,A,16,8,1,aved,3,118402089,27915982,118665127,374f64f3078f8bce73851a64f19468cb0286b8c25a7aab51f6ca935bf0aa9a80,D44_A_m16_w8_r3.log
D44,E,16,8,1,aved,3,60357590,14291639,60626796,0f0218fe8b2c64bb21971be40ac7137d680dc1559b06cad2da6fe0401c30e688,D44_E_m16_w8_r3.log
D44,A,16,8,1,aved,4,118625922,27915982,118889049,e051eda5dd0f8e2c2d0a0880a9336ed21214564e89e7af4d8a544d48010c064c,D44_A_m16_w8_r4.log
D44,E,16,8,1,aved,4,60362426,14291639,60631365,ab53eb9fb53fc459d990691d3b5c39088563b69d571fcfcd8cbfb7f4a6b3f870,D44_E_m16_w8_r4.log
D44,A,16,8,1,aved,5,118674306,27915982,118934660,7afefd9f3c8f37f99c3dbf03ef28849460db2e2dc429eaf3148943d2761136d2,D44_A_m16_w8_r5.log
D44,E,16,8,1,aved,5,60442740,14291639,60716927,b505e5fabba8f081dcf4d2bf71acc84e5e188b6626b11a5f32dad08f12f7e735,D44_E_m16_w8_r5.log
D44,A,32,8,1,aved,1,226773560,55727525,227034113,14ff17c829ca1a98c5b6b321865e86364372feedf31fc18b7e3f3718b0055d3c,D44_A_m32_w8_r1.log
D44,E,32,8,1,aved,1,115114706,28540835,115381600,4cd573778c1fb9da08f60ed9ad6fce1ad9824e7d42c298db3ce98825ae0291ab,D44_E_m32_w8_r1.log
D44,A,32,8,1,aved,2,226831901,55727525,227095511,5d16c4cfa5d4226bd95a71a757a0dca9e94f903305f02ffbb3ce6cb930601eb8,D44_A_m32_w8_r2.log
D44,E,32,8,1,aved,2,115187473,28540835,115454723,65085339db0c60ab6c8217cd7a8c60a75ada9a4ac838ef36fd492fb4d4511979,D44_E_m32_w8_r2.log
D44,A,32,8,1,aved,3,226431645,55727525,226693797,22abbe3698b72ab357c3764204aa25518169784ff9682d4c346cc63ebf9f82e5,D44_A_m32_w8_r3.log
D44,E,32,8,1,aved,3,114952565,28540835,115219565,b14c6275bd1d3a2737cb7175b9220ea8091600389549fd5f2acdf5c37a154107,D44_E_m32_w8_r3.log
D44,A,32,8,1,aved,4,226576516,55727525,226838470,89e539f33a23478d640ea10cf7a9b2b79d2f9d82c3383a1d53a5de013921786a,D44_A_m32_w8_r4.log
D44,E,32,8,1,aved,4,115113462,28540835,115381041,55028e6c9d26c1cbbb47928c2694512342506e03448e0a257fc1a0d8da9ffb07,D44_E_m32_w8_r4.log
D44,A,32,8,1,aved,5,226769926,55727525,227028674,e2723a5c583ebc25cca8e6225ac57e5dfeb904d0c0ead3fc9e79a949bffbfbcc,D44_A_m32_w8_r5.log
D44,E,32,8,1,aved,5,115230402,28540835,115496548,780d599f75cff9d0b1612e3855eab52846acec992444d7e33bf2efd6ddf5230a,D44_E_m32_w8_r5.log
D44,A,64,8,1,aved,1,478213653,114483658,478475446,45dd89074eb62fb49a08164850daf549778194ef0da4f15790cd57b0808533ef,D44_A_m64_w8_r1.log
D44,E,64,8,1,aved,1,243879841,58618254,244149046,51736dab0fe74d8b165cb8707d840a8d0860997c42bbc5a4c8026386283ecb08,D44_E_m64_w8_r1.log
D44,A,64,8,1,aved,2,477993392,114483658,478255680,20ad13ecc85fb03aa2cc0fe2fc0c06d79074d4c8eb566949ca3b81bf75d38584,D44_A_m64_w8_r2.log
D44,E,64,8,1,aved,2,244020108,58618254,244285651,9967910322fff0c48a6360ac1baa15a6b099f3c52325fd08b36a1687c5faf47b,D44_E_m64_w8_r2.log
D44,A,64,8,1,aved,3,478818118,114483658,479078788,27648a54cb9bc63f8c2b9b5ffc6790021727532be3a74f5959557c6934ac9795,D44_A_m64_w8_r3.log
D44,E,64,8,1,aved,3,244103919,58618254,244367963,ca38d073228da5f74652e94f6f9a47cb4cd611d89a32baab1948a2a2e6529dfd,D44_E_m64_w8_r3.log
D44,A,64,8,1,aved,4,477893642,114483658,478158612,847e9f7a7ab131797cff343939d1fce68ea07062bade5981b586958721b2b283,D44_A_m64_w8_r4.log
D44,E,64,8,1,aved,4,243956038,58618254,244229896,ed0ddf76a49e407db25f9c8c663052cf90e2198376e9d826fd911e8db43f868e,D44_E_m64_w8_r4.log
D44,A,64,8,1,aved,5,477587044,114483658,477847257,aae829a65259b15c4037b2eac28da611dcf98f4d268ea8652aeecd996e6f09dc,D44_A_m64_w8_r5.log
D44,E,64,8,1,aved,5,243969692,58618254,244240948,f5e68e8796d887c9234d8f95644418f40fb3b36566cb47d3533a5b5a953c6b3f,D44_E_m64_w8_r5.log
D65,A,1,1,1,aved,1,40949548,3410373,41170355,8686d006736f4c0efedf8376e1c467e3c76d64ac4cdb56571fc45f86d4b449ee,D65_A_m1_w1_r1.log
D65,B,1,1,1,aved,1,27931857,2281161,28155733,81b13649d09434ec5d5efeec527750202d6a0a7be17b312d0ea11ee027ed8fd2,D65_B_m1_w1_r1.log
D65,C,1,1,1,aved,1,37322699,3151501,37543580,83500b7eb2be3c26dc8cf649acfdb6df458fec2c9a51a1d80287bd596f160cf0,D65_C_m1_w1_r1.log
D65,D,1,1,1,aved,1,24321382,2022289,24545221,b9f4bb62a76cf060c960eaa0a912750d21482f91ce35cdd32776140fd0978db7,D65_D_m1_w1_r1.log
D65,E,1,1,1,aved,1,21435898,1678784,21659639,e40e1a432d8752393ca0867a62c55b1c5b7294aecc0e001b5de7db644e810d2c,D65_E_m1_w1_r1.log
D65,A,1,1,1,aved,2,40947765,3410373,41168595,a7e1c8cb13fe45892f301090bb5bb87e93ba02527838ba28ed5b878b15d2879f,D65_A_m1_w1_r2.log
D65,B,1,1,1,aved,2,27931776,2281161,28155588,4fe49563775c5f79c3082ac2bd13bd0110426d81d7bb23ea45e2518bc5f0ae29,D65_B_m1_w1_r2.log
D65,C,1,1,1,aved,2,37325469,3151501,37546273,b4bd7b0a6cd442d59dde2e00d533480e642ccc9c214528a9d2161e14e747cabe,D65_C_m1_w1_r2.log
D65,D,1,1,1,aved,2,24321903,2022289,24545734,942705c77a068df49afbbe881566de848015bb3b468e9fe63190bd1446b754d4,D65_D_m1_w1_r2.log
D65,E,1,1,1,aved,2,21434853,1678784,21658529,9c66cdf6863a11ab96745b8e6f346ebffe722493f0404125f2a475e22654f1c5,D65_E_m1_w1_r2.log
D65,A,1,1,1,aved,3,40947118,3410373,41167915,07b921e63ba9a9c428845eaf999918922a0cc0e89fcc192e20df4efff7002d16,D65_A_m1_w1_r3.log
D65,B,1,1,1,aved,3,27931777,2281161,28155586,cf30006decee0fb80e5307933a430ccb0b092d75c9ae192d74a2d62180df0f9b,D65_B_m1_w1_r3.log
D65,C,1,1,1,aved,3,37324466,3151501,37545315,f766aecaa273fa55e86b5c11f90dccede5f4ffd16302f7a09addb4881d5ee184,D65_C_m1_w1_r3.log
D65,D,1,1,1,aved,3,24319247,2022289,24543048,e836f9d4e16709334729daf43660eb541282686308e261525a208d0cc1570daf,D65_D_m1_w1_r3.log
D65,E,1,1,1,aved,3,21436827,1678784,21660607,66d8fea8f8d976f2d692354650518b671ae190c540341bd1137efec19643ebe7,D65_E_m1_w1_r3.log
D65,A,1,1,1,aved,4,40948398,3410373,41169206,2fd8b0b829518d5a2ce25c8766646e48967f8ba2e69d7422df3131c8d2ca7fe3,D65_A_m1_w1_r4.log
D65,B,1,1,1,aved,4,27930816,2281161,28154617,48ebbdb45a843dcd3738d073c280e27244ddd3e36c0a70c299a3fa38783a1e46,D65_B_m1_w1_r4.log
D65,C,1,1,1,aved,4,37325421,3151501,37546268,ca5656189c4bd9ee86b13ee36a3f8ca72ae5a5772ffee7816e97e70c96782563,D65_C_m1_w1_r4.log
D65,D,1,1,1,aved,4,24322314,2022289,24546103,2ba3cbb1a5c3c9cbf82ab90bf0bddab5ba6cfd326e3b56b6c62e1edd3fcb9b52,D65_D_m1_w1_r4.log
D65,E,1,1,1,aved,4,21436276,1678784,21659992,13c73bb0e62bcde2453d0d330a98e1199ed4de4bf8072230ff60ea54ccc609de,D65_E_m1_w1_r4.log
D65,A,1,1,1,aved,5,40948888,3410373,41169771,0cb10093173a52a58f0c21a5f17a0c5daa2f2b53c1cd84f52e065f9604f8c342,D65_A_m1_w1_r5.log
D65,B,1,1,1,aved,5,27932089,2281161,28155925,2e539f84371f80d5010f7211897a1598c6cea79967de8c64d14ae1dfb7ebb2a4,D65_B_m1_w1_r5.log
D65,C,1,1,1,aved,5,37324700,3151501,37545535,9a86914b26bc5fe8353ca24c46e3f7a06b305c200c5482ce07fcb9c19dbb7f4b,D65_C_m1_w1_r5.log
D65,D,1,1,1,aved,5,24322581,2022289,24546432,6d3935077f8526affd5ba3c22f7680b58198c17204af337855531eb0734452a2,D65_D_m1_w1_r5.log
D65,E,1,1,1,aved,5,21436566,1678784,21660293,574c795e6f14b0ed00a1b2f2f2a5f90e60b42bdce8559ad131fa1cd3e2b2cdb4,D65_E_m1_w1_r5.log
D65,A,2,2,1,aved,1,46889903,6924546,47110740,df2ee51480f47cc306388b583f817798c5fe6c02c388d2658d85c673b6047137,D65_A_m2_w2_r1.log
D65,E,2,2,1,aved,1,25789626,3562030,26013349,86a28572b97a112540d76da749387c1c688567dcc9ba112216bad64c11402d23,D65_E_m2_w2_r1.log
D65,A,2,2,1,aved,2,46814476,6924546,47035320,23413699e79b0f95c21558cf8a6652ef8e8c6e5b83b7f875bae4883a4f385719,D65_A_m2_w2_r2.log
D65,E,2,2,1,aved,2,25763287,3562030,25987052,701c8157581628e800ad3284b76b5843b006f9ccfa8912721465ed016d833241,D65_E_m2_w2_r2.log
D65,A,2,2,1,aved,3,46987285,6924546,47208127,45d0d62386b3353d8293ec8b02fdfcc302011cbb5e6b7a69a2595c5407043bec,D65_A_m2_w2_r3.log
D65,E,2,2,1,aved,3,25727569,3562030,25951286,32685fbbaaf3accd21dc36b215981aa7d59a2f1cc0ec6404854a29e4fe48bcc0,D65_E_m2_w2_r3.log
D65,A,2,2,1,aved,4,47005811,6924546,47226659,971d2adf6c3eef0771e48019fa55939768d75db4da655f48dfb89a0f85451415,D65_A_m2_w2_r4.log
D65,E,2,2,1,aved,4,25765051,3562030,25988747,2a2eafee4b11b8c9178c2a1152fbffecf8c3aca1c0cd2f7848b5a1958d759d67,D65_E_m2_w2_r4.log
D65,A,2,2,1,aved,5,47044104,6924546,47264930,c32b5e4e751f99a9b45fc999f7e4fc65917f5d38e6cad19b3c8678762e8ed5d1,D65_A_m2_w2_r5.log
D65,E,2,2,1,aved,5,25783538,3562030,26007268,64a630c604b4096ce8ec040648ea08f3d84a1090c7b7754c639d812452bb6a15,D65_E_m2_w2_r5.log
D65,A,4,4,1,aved,1,64433853,13330772,64656372,909f9ee270857475fa78c2791d116d4b1a12ff5a2dbf78da1c32c5d16bdb55c7,D65_A_m4_w4_r1.log
D65,E,4,4,1,aved,1,35072170,6830601,35297728,ca4d5b670188ae66888417e11c42872e0b204f920be6a48e01850b4522ba1a27,D65_E_m4_w4_r1.log
D65,A,4,4,1,aved,2,64489710,13330772,64712168,90497f90e44014eb178887574657a8231504ff437556794b23883921b5238857,D65_A_m4_w4_r2.log
D65,E,4,4,1,aved,2,34901084,6830601,35126894,ec6611d53efefd0faee96c63daccc1090e9dd18ccf82dc0a7be3299539ab2661,D65_E_m4_w4_r2.log
D65,A,4,4,1,aved,3,64207784,13330772,64430504,d87e6ebd3a8688f9675419c3a7d32212f8aa2720ada61bcc8581763613374c0b,D65_A_m4_w4_r3.log
D65,E,4,4,1,aved,3,34892306,6830601,35117516,dc2b463296a6fce1ab9dfa4bf7b15ddc8235b9e04886caee5f0ec3cbb50b9cc3,D65_E_m4_w4_r3.log
D65,A,4,4,1,aved,4,64725367,13330772,64948239,bedb2652e29634f2400bf294053abc93f924b9482df97d64bb0495c8dde2c1a6,D65_A_m4_w4_r4.log
D65,E,4,4,1,aved,4,34854336,6830601,35079766,47b7b37150bd6d106d009f3a218cb8e084fce3b4cd81a815ee444453cf815d45,D65_E_m4_w4_r4.log
D65,A,4,4,1,aved,5,64531713,13330772,64754204,3ba4658b9da9cc1d83176c61d71a6800aa299c851fd62525df2ddb67aeac461b,D65_A_m4_w4_r5.log
D65,E,4,4,1,aved,5,34886791,6830601,35111806,66daaf0108d6fede96aead0a76631a86fd5967e79fe9f481c436efe0a72056b2,D65_E_m4_w4_r5.log
D65,A,8,1,1,aved,1,291941540,24199917,292162308,5e6475ae55888f062d00d000d92427dabe810a4c9cb71c3f2b75f03ef6d57a18,D65_A_m8_w1_r1.log
D65,E,8,1,1,aved,1,152092749,11799868,152316453,0c6c32777fd9735e4b4953908aab8998f188100f79975fee2c1aebd3bfe35ae1,D65_E_m8_w1_r1.log
D65,A,8,1,1,aved,2,291935776,24199917,292156604,b7cea98fd4055133a357b8f0ad3d7b10704ed796f91b21ed8c9d1e3f7339a872,D65_A_m8_w1_r2.log
D65,E,8,1,1,aved,2,152093187,11799868,152316891,a525993e8e5c5314f15fd3309e1d6644238fff432796490d140d9a20c4d11bfd,D65_E_m8_w1_r2.log
D65,A,8,1,1,aved,3,291936352,24199917,292157190,d86c4a4662f41c448a28941593e8e3deefcd8782ed85165add0df9279aebdbb7,D65_A_m8_w1_r3.log
D65,E,8,1,1,aved,3,152092643,11799868,152316330,53d2db5eab9a93b34eb0d5289e33b052ed4d100491659cc018dd84b4712a5f86,D65_E_m8_w1_r3.log
D65,A,8,1,1,aved,4,291936676,24199917,292157533,8c641c983f9998a67deae3f87d23f02bc55a58e508a03472c895a7b85c20ff9a,D65_A_m8_w1_r4.log
D65,E,8,1,1,aved,4,152096061,11799868,152319803,ca3e8424b661f2a772091001142244e4f6b9a9d52e7857bfbad08893a6d1c31e,D65_E_m8_w1_r4.log
D65,A,8,1,1,aved,5,291934015,24199917,292154865,adfa24cb9b84dd93604cb1ba65ddb90aa4e913f91c1071685ba3c21c264a3986,D65_A_m8_w1_r5.log
D65,E,8,1,1,aved,5,152094020,11799868,152317718,0ed9f1348088fd43396b3e1138d7714ba9544792d2b7a1dc23d6136b25f632f2,D65_E_m8_w1_r5.log
D65,A,8,2,1,aved,1,185848800,25404772,186069623,dc3bc67f6834428771bcf32891a51f58c7e493b2aee16afa0ef8b4a04e3fe1a4,D65_A_m8_w2_r1.log
D65,E,8,2,1,aved,1,101836102,13004680,102059864,a7ca563dfc6644375bd146390379107c87d3637286565eea637014ffcc060189,D65_E_m8_w2_r1.log
D65,A,8,2,1,aved,2,186216504,25404772,186437331,f71045c376659153fb560ede7db4891fcbf2582c7194374772e3f337603ad8a6,D65_A_m8_w2_r2.log
D65,E,8,2,1,aved,2,101761115,13004680,101984867,2e73331e0074a9d8dc947af0ae1e1cff9ab3a9ba1850d3b64e2d4759ba55dce0,D65_E_m8_w2_r2.log
D65,A,8,2,1,aved,3,185964885,25404772,186185723,a1e874ccd0b32b0784ee619cdfff19d910e56b4cb07dc17027f7b7c7e29eb4cf,D65_A_m8_w2_r3.log
D65,E,8,2,1,aved,3,101819336,13004680,102043114,475db8dc0916c5e16e1c9edfae8cbb12a6c532d817d9f06498d6928ec20f724a,D65_E_m8_w2_r3.log
D65,A,8,2,1,aved,4,185881371,25404772,186102219,a12db656492d1e365942e179b544207ddd6f8ebf9d8c717f3fc7f97aa62782f9,D65_A_m8_w2_r4.log
D65,E,8,2,1,aved,4,101761892,13004680,101985613,eefb8d93a92246400c1de57ec9abc975e7be092ce3affedc652e5641eeb6b9c1,D65_E_m8_w2_r4.log
D65,A,8,2,1,aved,5,185974759,25404772,186195602,68db6212e29fb9fa1a4f5bed1413626e1da2c0a05369413e4f5c934a6b44172f,D65_A_m8_w2_r5.log
D65,E,8,2,1,aved,5,101878439,13004680,102102219,17f7df114f1e14f167bc626248f66d93d60a31905e76b37cf803fa67ce7b1e44,D65_E_m8_w2_r5.log
D65,A,8,4,1,aved,1,128541297,25405086,128763294,084ccd16c2e86fbbedb8b8925d8de1633c5e7c34838d70af1fdab8d677d89ab0,D65_A_m8_w4_r1.log
D65,E,8,4,1,aved,1,69384499,13004992,69610444,6b459291024b00239be50ec7c2b27a0487572a1f712a4409f42937278e1f2e8c,D65_E_m8_w4_r1.log
D65,A,8,4,1,aved,2,128487703,25405086,128709688,fa620398174bc09fb2b8c7c37568a1de34fe682d0eebca5c1db2d8ce99529049,D65_A_m8_w4_r2.log
D65,E,8,4,1,aved,2,69342859,13004992,69568909,006b551a48537cddd8da23f52d74a0d5246080634be9ace94d9b9ee829990e54,D65_E_m8_w4_r2.log
D65,A,8,4,1,aved,3,128657134,25405086,128879125,bff072fb034fcb72f0a0d8492ca11a52dffdd9fd22d138d69321f5c788d91b9a,D65_A_m8_w4_r3.log
D65,E,8,4,1,aved,3,69487847,13004992,69713783,58ad424b8f10351aa78503ab7850b85358126f69ce280534cf9214a4a8e23c7f,D65_E_m8_w4_r3.log
D65,A,8,4,1,aved,4,128332144,25405086,128554167,5638b948c9dba7ea3c91936f3f305bfbd16def388e5383139b9d2539b3919e34,D65_A_m8_w4_r4.log
D65,E,8,4,1,aved,4,69377651,13004992,69603617,112ed7e77993a5b1c6fa6c7962073fc6d759cfff2991876c1c0d0529fec7e868,D65_E_m8_w4_r4.log
D65,A,8,4,1,aved,5,128361654,25405086,128583680,faa7d9ac9874bb645d63e094cd4cf682791cb4979b185c8b406b649db3017e4f,D65_A_m8_w4_r5.log
D65,E,8,4,1,aved,5,69331133,13004992,69557112,c9711bc6025dea9f078867c828955e5618c9d312c40829f5a980c0750d069885,D65_E_m8_w4_r5.log
D65,A,8,8,1,aved,1,95337970,25405714,95601195,b8ba87e23923f80fe7e6196f9ce489841e5f0053aa13c958ebc1ac83ed44b7da,D65_A_m8_w8_r1.log
D65,B,8,8,1,aved,1,62066091,17040994,62335273,66e17c5a0b4ffb0ee0510da297a7c26a211c26722436a942725677f283cab115,D65_B_m8_w8_r1.log
D65,C,8,8,1,aved,1,85447799,23663402,85711192,1ef8834f59d4f444384393664651bd0fb65f6ea6119d59bd5145036d962a698c,D65_C_m8_w8_r1.log
D65,D,8,8,1,aved,1,52039446,15298682,52304851,0a7838e6208c2dbe953eab443d571202d440cc3828e7408f541f6cc5311951ab,D65_D_m8_w8_r1.log
D65,E,8,8,1,aved,1,50026380,13005616,50296124,ffa38b34588a0566be897c96e4f45b687a5dce6fa16ad5e2b19563f800855691,D65_E_m8_w8_r1.log
D65,A,8,8,1,aved,2,95691104,25405714,95952537,47d7652231ad204001295953323c719f0ac4313c985d8a3bde0069e0c8f10e7c,D65_A_m8_w8_r2.log
D65,B,8,8,1,aved,2,62083604,17040994,62349158,0a4e63d71602ea90921bf714ad121d039e81a5f6ad7b205370fc0e72893ca831,D65_B_m8_w8_r2.log
D65,C,8,8,1,aved,2,85571473,23663402,85833471,6213c9025dbfb8fcd0d8ad249979e94b208bf8d48cc738a490fc358c600b4ec8,D65_C_m8_w8_r2.log
D65,D,8,8,1,aved,2,52077120,15298682,52343862,739114575be78717c24844f626c5d266e8da5a1d3b01ea8c980620a36f096c05,D65_D_m8_w8_r2.log
D65,E,8,8,1,aved,2,50008275,13005616,50277709,73a0bb81d8b0dc100798f7cdd03c2327ed7f6450735f1b86f799b25bbe96f0a3,D65_E_m8_w8_r2.log
D65,A,8,8,1,aved,3,95766604,25405714,96031262,93912d0d04db1295b3887ff875dabbd7593833852676035746fdda625f8c57bb,D65_A_m8_w8_r3.log
D65,B,8,8,1,aved,3,62072245,17040994,62338931,bebef7fc802d03cd00cfeab23b96cb1f39e246cb4ec807391bc7badc01ed5538,D65_B_m8_w8_r3.log
D65,C,8,8,1,aved,3,85345482,23663402,85608608,b63d37efc635c01a060ab577f8dc0bc211e2e3bb0dba30c16182e875dc9ebbdb,D65_C_m8_w8_r3.log
D65,D,8,8,1,aved,3,52010651,15298682,52278415,37c416e4779d4bd64740dc3e9e812b47d91438749e30687247f2d88a03591e09,D65_D_m8_w8_r3.log
D65,E,8,8,1,aved,3,49994256,13005616,50259200,beaf0a5c6826c48897cb2b4f8763e94f3cb1ad838652b3157e565ccef76c629c,D65_E_m8_w8_r3.log
D65,A,8,8,1,aved,4,95713183,25405714,95972610,9038ea443631fff2524b0c6691ef2206bf4d742e45dbe0c846c98e0a5efb0879,D65_A_m8_w8_r4.log
D65,B,8,8,1,aved,4,62079936,17040994,62346959,9242627c02d500025e619ceab4591061abec3b1ea5642c7d1ef6855803d4f13d,D65_B_m8_w8_r4.log
D65,C,8,8,1,aved,4,85699564,23663402,85961990,86b15e022aa51b384a9b86bab3d71931b5e3e117fa3bb7e84dc67e5e90a6bb03,D65_C_m8_w8_r4.log
D65,D,8,8,1,aved,4,52021253,15298682,52287328,7caa515586a8120785138475a20e263de95ee23c76d55383093d5501ec986acc,D65_D_m8_w8_r4.log
D65,E,8,8,1,aved,4,49928801,13005616,50196287,f55098507d0aaeb675898eab6de1bb7de10372f0f796d11137d7a7e457a163f8,D65_E_m8_w8_r4.log
D65,A,8,8,1,aved,5,95529657,25405714,95793202,38618690b56b65765fd6c2c1737aceb807f657af0607f45bee697d1ec230480d,D65_A_m8_w8_r5.log
D65,B,8,8,1,aved,5,62139113,17040994,62406040,c7caf57ad6d3ba2da1037d9c188eebfa83dbc40baaf85743bf5c0c521cc885d2,D65_B_m8_w8_r5.log
D65,C,8,8,1,aved,5,85429129,23663402,85693214,2d5b9b078155ea39bc07273d05303db5b1c78f6a8d7fc0ab384004ad89810ea1,D65_C_m8_w8_r5.log
D65,D,8,8,1,aved,5,52051091,15298682,52320924,12b5f1c23c0eeee0c502414fcc5681f1e69ede1745f1695692fb73c81f14c0a4,D65_D_m8_w8_r5.log
D65,E,8,8,1,aved,5,49937781,13005616,50203730,3e27de28ee21960b2aeee22d16b6bed48fba4e3cb8098d363cadf7e94ad00cea,D65_E_m8_w8_r5.log
D65,A,16,8,1,aved,1,183493648,47929543,183757930,9e4901a0c69b94bea84b44ab3719870a7a30290bfcbe6c44ef2facc1bfb7771f,D65_A_m16_w8_r1.log
D65,E,16,8,1,aved,1,94963447,24460926,95234076,c999ac403b304f129243e2f60ffe1ad0a537ad0dc78180f94f85301204a4c9e9,D65_E_m16_w8_r1.log
D65,A,16,8,1,aved,2,183280517,47929543,183544379,a58a45cd2b07af6768fda308d147e82445b02b0779733b9a9a8c0605e70a6ab7,D65_A_m16_w8_r2.log
D65,E,16,8,1,aved,2,95029338,24460926,95295106,eda747a141b0676072ce09b01b079a193543607235f10665d688d9e8566a5240,D65_E_m16_w8_r2.log
D65,A,16,8,1,aved,3,183007689,47929543,183271969,c8aff7d843a60cfa4bbcfd94f1deb212c97dc6a13f12ce4b535a49916c82045b,D65_A_m16_w8_r3.log
D65,E,16,8,1,aved,3,95064126,24460926,95331643,3555128c7a37a366e40e21b7836ae6d91a0835d3002bbd3664f8e20720bddce7,D65_E_m16_w8_r3.log
D65,A,16,8,1,aved,4,183371481,47929543,183635186,bd6c7c2886887eff02644ff4ecc6f08edd7c1d24f87db2ff8fa8fc501eab3923,D65_A_m16_w8_r4.log
D65,E,16,8,1,aved,4,95037506,24460926,95304252,39f21c8114aa8911ab1a8dea1c35215ba9eb281907d73800e913d8785164459b,D65_E_m16_w8_r4.log
D65,A,16,8,1,aved,5,183598114,47929543,183860027,b2283392d4230e5e208ad7468b2fcba817e954a81b5bcc530c9091cd7aa6d4b3,D65_A_m16_w8_r5.log
D65,E,16,8,1,aved,5,95028178,24460926,95303009,b6d557dad904a9c3aeec5cb8f22ad58f9299222414586ffe6bb8722880702095,D65_E_m16_w8_r5.log
D65,A,32,8,1,aved,1,347284939,88619129,347545250,e42f2be6aa77ee96041647c7ab7521ca26430585b591ec8fcdbdae2dd8069f01,D65_A_m32_w8_r1.log
D65,E,32,8,1,aved,1,178498449,45090572,178765840,67d29595cb8cb9ca17900d16259b0e53b9c6cc0a948b36103061b233ea36d626,D65_E_m32_w8_r1.log
D65,A,32,8,1,aved,2,347799961,88619129,348061885,5f8056e6a13d66f58e1c372a35218d0a52513e3dcbff6586a8969c98bbb6925a,D65_A_m32_w8_r2.log
D65,E,32,8,1,aved,2,178652749,45090572,178919793,566ae1d799c513b626dec47bbe669724413595321b66a2da764c2378f58f3174,D65_E_m32_w8_r2.log
D65,A,32,8,1,aved,3,347564480,88619129,347828367,dbe765774ec6c5d5dcfca4e117028ea42c6d2a848da205e853eecbce1f8e1238,D65_A_m32_w8_r3.log
D65,E,32,8,1,aved,3,178659816,45090572,178928937,032b1810adc2d0a7c26072f5561a488a1add810135d24adecae13920f4d6c7d6,D65_E_m32_w8_r3.log
D65,A,32,8,1,aved,4,347272987,88619129,347535167,b955dfe70dc6458d33e032c2ad46a227fc7fdaafa2677f6ed8e052be5dd37c4c,D65_A_m32_w8_r4.log
D65,E,32,8,1,aved,4,178429655,45090572,178695147,fe7ff9625b038087fa43a1b858759b5999ac191f5ad5ee116a010ba092e5bc4d,D65_E_m32_w8_r4.log
D65,A,32,8,1,aved,5,347365569,88619129,347630296,737cfac9903358bede751cfc9c6b1ab2db353707367db9c3f6f5c7a4ffbbe2bd,D65_A_m32_w8_r5.log
D65,E,32,8,1,aved,5,178633281,45090572,178902815,26ae4ff26ba2f816a3d99a49782b9c43f9bac919cc9d3c8a8f5641bc0e7928ef,D65_E_m32_w8_r5.log
D65,A,64,8,1,aved,1,739427779,180604350,739703142,df4dec97bf096772e97e8250885cadade91a2f0c3820094e8addc94ed50a4167,D65_A_m64_w8_r1.log
D65,E,64,8,1,aved,1,382163063,91971448,382431992,3ff940a7b20f1c1e74b17ff02dd9f56e3f93fa6c4b9aec70a5dc0398d216ff9d,D65_E_m64_w8_r1.log
D65,A,64,8,1,aved,2,740152136,180604350,740416933,4b703f8e7a63ca15709f9b4a632ccc079c48b79026ad20b59872f482af424dbf,D65_A_m64_w8_r2.log
D65,E,64,8,1,aved,2,381784304,91971448,382051165,74e4e5f1a228ad519be39a9ceef0053f7d8e01ccaf278c4e80fdeaeface3ef7b,D65_E_m64_w8_r2.log
D65,A,64,8,1,aved,3,739543596,180604350,739809594,e7a7820a8a167c17a8ffde94b10033bc4b326f340221e319c555d12c8d811ea3,D65_A_m64_w8_r3.log
D65,E,64,8,1,aved,3,382008141,91971448,382277207,95c0cc044d21156447c4d83c80de988c0879d055ddca7dfd7af06e0f9862738a,D65_E_m64_w8_r3.log
D65,A,64,8,1,aved,4,739903605,180604350,740167702,d3c248dfc536064b121cc03e6a9c1079baa6b576b41b512fb23e0bf02742e822,D65_A_m64_w8_r4.log
D65,E,64,8,1,aved,4,382030140,91971448,382295769,04d1d38c858b707b734a5026b93dafe035c7c26ce2faca6ad8933a67fcaa3d84,D65_E_m64_w8_r4.log
D65,A,64,8,1,aved,5,740110628,180604350,740375105,1b9e894df5704ef0302051c009ac20d067cc22b8cf88e22c4a7a20ec41d1d81e,D65_A_m64_w8_r5.log
D65,E,64,8,1,aved,5,382198776,91971448,382471380,d5a28d56d6ce44733585d9127c8208b79971e33c58e14914853697d27009158a,D65_E_m64_w8_r5.log
D87,A,1,1,1,aved,1,42079542,3477371,42300260,48a24be3af0de0b8280c258f3d9543f8b103d6bafc0362aa0319b7e31c64fda8,D87_A_m1_w1_r1.log
D87,B,1,1,1,aved,1,24127891,1919551,24351408,9ecb70cffee7cff48b735da86e080216e35c224a759201bb4806dd757c79869f,D87_B_m1_w1_r1.log
D87,C,1,1,1,aved,1,39456549,3291139,39677222,aad3ef1af451f0086fee73985b5e0265c70f3c181b0251455fd195201d9b372f,D87_C_m1_w1_r1.log
D87,D,1,1,1,aved,1,21577148,1733319,21800705,ff94a7ad5e2dcdc263d512c6525a408b2b8076bc4a5c1f152fb1ef332716905e,D87_D_m1_w1_r1.log
D87,E,1,1,1,aved,1,19571424,1503106,19794938,a553b9419dbc4a80d24517ae6fe87c2f15a4096dd89c28da365620bd77cd03d6,D87_E_m1_w1_r1.log
D87,A,1,1,1,aved,2,42080661,3477371,42301422,7b8f38da8a1fecac1862aa8aebf6e19ee1384a5d7e158b12b375c0d0fc44468a,D87_A_m1_w1_r2.log
D87,B,1,1,1,aved,2,24128099,1919551,24351680,c748cacf186977cd47dbb9bda56b1c6caf218c266d08202de788c0a0e7cb9c67,D87_B_m1_w1_r2.log
D87,C,1,1,1,aved,2,39453728,3291139,39674420,c0f12a3df023ca2893cb0fa48c808c40ad701c613fedc4f737232a9800ea27b0,D87_C_m1_w1_r2.log
D87,D,1,1,1,aved,2,21574428,1733319,21797960,ac1ecaa62b30c8bb17f9889014d5eb812b7b0e435661bca3d90855498135d87d,D87_D_m1_w1_r2.log
D87,E,1,1,1,aved,2,19572773,1503106,19796264,448aa6b3c0c2b455fe0d0bdee3905c68921ce9c74868a0023b728257347a3d8a,D87_E_m1_w1_r2.log
D87,A,1,1,1,aved,3,42078829,3477371,42299543,e52d9f2253bf27a0f59aed71a6d71113d8649aaee715c66a378db86c57df1a56,D87_A_m1_w1_r3.log
D87,B,1,1,1,aved,3,24128936,1919551,24352554,01d6e3079ad8ffa5ee4c76cc39181eaeef69300a818b29f7df4fbe6982738ad9,D87_B_m1_w1_r3.log
D87,C,1,1,1,aved,3,39454629,3291139,39675299,a3ec73941116a846f2dc3b74f8ee9a8c961c1ca88f76dabc5fc16eba62cfe404,D87_C_m1_w1_r3.log
D87,D,1,1,1,aved,3,21574465,1733319,21797996,def3188ade36da67a71401785e803942244da8fa6c8b0b5379a1130928f2341f,D87_D_m1_w1_r3.log
D87,E,1,1,1,aved,3,19573040,1503106,19796555,11c5bfcf670c01742737a3aa4e5417041b824c9d7f2d10a2b40fb63475a056e2,D87_E_m1_w1_r3.log
D87,A,1,1,1,aved,4,42078762,3477371,42299482,c4938a1aa12f8f52590a343017a3cff7a525c4a68c75825147706ed68775f540,D87_A_m1_w1_r4.log
D87,B,1,1,1,aved,4,24127561,1919551,24351166,0b681acdd8939395172de15fb140fa028d55f123d8ab76494a39dd52b477469e,D87_B_m1_w1_r4.log
D87,C,1,1,1,aved,4,39453752,3291139,39674446,d4c1223ebb62254518d7e6577bf7d400bc79aacac0cb8c26a8208726d0df6646,D87_C_m1_w1_r4.log
D87,D,1,1,1,aved,4,21575810,1733319,21799442,117aee43bf0d16fb94f17a2008289e84dc28c4f45e7659110fe2ad0c65fcc81e,D87_D_m1_w1_r4.log
D87,E,1,1,1,aved,4,19573238,1503106,19796712,8f670f6e2d917ec5b58228088ad2a157b474a93a5c70a7a1c9fc3d00718f6f6d,D87_E_m1_w1_r4.log
D87,A,1,1,1,aved,5,42080406,3477371,42301127,cbc0483c3f6460929dc8229b6cbfb8bb173914123f7f7797c4f43c56928502b7,D87_A_m1_w1_r5.log
D87,B,1,1,1,aved,5,24127662,1919551,24351252,7e8e19a26ac1dd8d6b4edf385b7bec4db6f6e17189d539b5105f85de7155866b,D87_B_m1_w1_r5.log
D87,C,1,1,1,aved,5,39454458,3291139,39675052,3550a3a5b81d3d5729c2d0c394f883c84342f506e6acd8b83fa5c707e6bbce07,D87_C_m1_w1_r5.log
D87,D,1,1,1,aved,5,21575394,1733319,21799056,90ea302dc6218256de862eca1900d968c9025118eef9f931b51c3246636d2238,D87_D_m1_w1_r5.log
D87,E,1,1,1,aved,5,19572838,1503106,19796287,91670468a107fd3c6cf43efd3f72c25ca625fbae5347094d296da20b34b17fa8,D87_E_m1_w1_r5.log
D87,A,2,2,1,aved,1,72736350,9258380,72957172,09612766f95eda25abd3a57346c517a528ecd033573f6503f63a502ef90d5643,D87_A_m2_w2_r1.log
D87,E,2,2,1,aved,1,37803694,4380126,38027250,4e0970e0a20bd48ef4cec38a1501f2553988e6e5779682ef3ab93b3cd340e791,D87_E_m2_w2_r1.log
D87,A,2,2,1,aved,2,72746721,9258380,72967542,3b5c365a41578cc2d230d4420b0eef5c3936e80f6d1eef9103b0423e173c970c,D87_A_m2_w2_r2.log
D87,E,2,2,1,aved,2,37719262,4380126,37942836,752c75371d4f748a635b56af7ecf24b654eb1668f68a352e821a85f7d20ba054,D87_E_m2_w2_r2.log
D87,A,2,2,1,aved,3,72780601,9258380,73001393,046002c426a66f50a153bf6f381ae1ac61a8b0d7e80efd5e4729339749c9c4a1,D87_A_m2_w2_r3.log
D87,E,2,2,1,aved,3,37772696,4380126,37996248,11995f7f839fdda22925d17aad92a82bcece107836722ed9cd1f5685bb72b249,D87_E_m2_w2_r3.log
D87,A,2,2,1,aved,4,72738036,9258380,72958848,4544b2a0aa9a4d5e01589e622e28bffd6751462895643c7e0a8ce1cd06a585a8,D87_A_m2_w2_r4.log
D87,E,2,2,1,aved,4,37753293,4380126,37976866,059ccc38ebc0a083b0fc44a912c8cc9c4408a58ff60491250673744e03b12ef8,D87_E_m2_w2_r4.log
D87,A,2,2,1,aved,5,72732630,9258380,72953419,f736805290b82d85b277713ff8862161a151b56d5b1d39ead08586e24ab3c18b,D87_A_m2_w2_r5.log
D87,E,2,2,1,aved,5,37801708,4380126,38025288,776a6ee04c98de5c4f1d1cbe9da26ca500950dce800b0b8deaf2f2c9b542fc3c,D87_E_m2_w2_r5.log
D87,A,4,4,1,aved,1,85550958,15584878,85773769,a84f9b251783983d04cd868753d153a0ebe4207052933e19cdb9ec505162ca49,D87_A_m4_w4_r1.log
D87,E,4,4,1,aved,1,43633523,7261476,43859256,768f52e0c60ce0c27e93eb9f362a133d2a6dfcded9336d74bf42193de5cb5f30,D87_E_m4_w4_r1.log
D87,A,4,4,1,aved,2,85171059,15584878,85393972,f7dd842d68983a931862f321af9bd1d0c3516573798f2baf02d38dfd2bb91c1f,D87_A_m4_w4_r2.log
D87,E,4,4,1,aved,2,43816389,7261476,44042134,7b3ff470876ca01d3b329bfdb4dc8f6376be613bfe8e5b4a747570008ec968c3,D87_E_m4_w4_r2.log
D87,A,4,4,1,aved,3,85436814,15584878,85659765,f3ebac0f857a3cc21b9ff83a9a88ef2034c4bed4e46256d31c2ea8b6f08e61bd,D87_A_m4_w4_r3.log
D87,E,4,4,1,aved,3,43684497,7261476,43910244,af5d7da71da531d256e0a8f632b224d0487a17715bed325bd8edc6b4e49adfa1,D87_E_m4_w4_r3.log
D87,A,4,4,1,aved,4,85313772,15584878,85536658,a2b8cb2ef9449dc0adb7f93b960fa0f7a4a13f692ea962d46d273935e0c582d9,D87_A_m4_w4_r4.log
D87,E,4,4,1,aved,4,43794658,7261476,44020444,dfa05aa7e90d9afc89906403c79feb619742ca66d199a4ae006e14e6b0d94c8f,D87_E_m4_w4_r4.log
D87,A,4,4,1,aved,5,85467959,15584878,85690750,f8240e19ce21d3769b9ff02dc5621b2b47ad88ad1c542a4efba22187fdfe633e,D87_A_m4_w4_r5.log
D87,E,4,4,1,aved,5,43618129,7261476,43843827,90412f14d0dca202daef889c31544a68736722e9aa6ba663f0df67faf7ffff6d,D87_E_m4_w4_r5.log
D87,A,8,1,1,aved,1,356010342,29249019,356230990,2842b76374e9fb876e2e3ca82722a15def12ab2a9172be73b3ef2ab49c5a3c62,D87_A_m8_w1_r1.log
D87,E,8,1,1,aved,1,167950296,12738685,168173741,06e7710962d58e4321847d84ffea3e7bdd0fba3a2fc6c23bdd9e859a6b6146fc,D87_E_m8_w1_r1.log
D87,A,8,1,1,aved,2,356012388,29249019,356233027,0e2cf2d96edc36da5e2bfd7475de8941848c1854a3bdf7a93971ff8d547b7b4a,D87_A_m8_w1_r2.log
D87,E,8,1,1,aved,2,167949143,12738685,168172628,c6c9e65a42a2f9fc9be2b6de869da0c001dfdb9df1888b4563ec5e423ee471ae,D87_E_m8_w1_r2.log
D87,A,8,1,1,aved,3,356004826,29249019,356225595,f17ed93854dfa756b3b7fccd6eb22ac0e21b162c94f6b56c6e8473c438200dc1,D87_A_m8_w1_r3.log
D87,E,8,1,1,aved,3,167955754,12738685,168179232,80b99842e23069699468b48ef2bed61600eb01a4017f1c8c7f887d19a8577b5e,D87_E_m8_w1_r3.log
D87,A,8,1,1,aved,4,356011367,29249019,356232084,2890584c5c0ae4cb02581c0dcb4d4aa7551b5eb32b141af76787d29a721351e4,D87_A_m8_w1_r4.log
D87,E,8,1,1,aved,4,167949376,12738685,168172840,0f5778ac248ddb27b1af988e1f73ff155e5c5ce2ac3951d92b62e4fbd9b073a8,D87_E_m8_w1_r4.log
D87,A,8,1,1,aved,5,356010067,29249019,356230803,a4eb89dfafa1eff33a310eb53fc877d4116b7cdfd2aa498fdd12d81c98a5ca87,D87_A_m8_w1_r5.log
D87,E,8,1,1,aved,5,167950292,12738685,168173716,6173679ee2f121d3a87135ce32e8690aa3e38cc1463e6972437f6fb53d7712b2,D87_E_m8_w1_r5.log
D87,A,8,2,1,aved,1,226595042,30910955,226815930,72641d08d2346dd1bd9a6e937b291a5d54c7d0e388d99243df95a3225f5a5aea,D87_A_m8_w2_r1.log
D87,E,8,2,1,aved,1,115894408,14400845,116117936,fa6289f52fd3391453da96e7e7f0691a7ad70fea25b60a6092362f127aae5566,D87_E_m8_w2_r1.log
D87,A,8,2,1,aved,2,226730846,30910955,226951687,faad80cfb9823ee77918139ca157a3512c1d0a2a6cc40e4402ec83865254a090,D87_A_m8_w2_r2.log
D87,E,8,2,1,aved,2,115886880,14400845,116110443,466eb1913741345679b0d55908709a714c3da8d15d54c72bf2f318df6f95839e,D87_E_m8_w2_r2.log
D87,A,8,2,1,aved,3,226654617,30910955,226875411,f4a471032e085f4a61064a808bd4ec86128e5af40c8e03292de045ed41b11369,D87_A_m8_w2_r3.log
D87,E,8,2,1,aved,3,115874297,14400845,116097838,27acf97a5fa99a780db504c241c7bbbff3d4f1f675587f13de50d670b2b31fcb,D87_E_m8_w2_r3.log
D87,A,8,2,1,aved,4,226867993,30910955,227088749,b1fb12733a18e22dfc17b07bf53255e5829a6145dd7b25d72ce81c03612fe6cc,D87_A_m8_w2_r4.log
D87,E,8,2,1,aved,4,115817623,14400845,116041175,5f3af0919da6bd388fc8dde9f3210fbd316204f864f1091cc3670f563e3227a7,D87_E_m8_w2_r4.log
D87,A,8,2,1,aved,5,226735955,30910955,226956778,87a75abd639f14c1b635975fbd28d0f647256ef04ecd58ff60f92b6140897f6e,D87_A_m8_w2_r5.log
D87,E,8,2,1,aved,5,115820584,14400845,116044153,75c3ceb6988b43e060bba1f31c61e18f9d569ff20139e9ee89125ecbbea282c3,D87_E_m8_w2_r5.log
D87,A,8,4,1,aved,1,162407378,30911271,162630148,b0780b4b519c41ec84c89dcfdb86b918f4b70f9d8e8721178c288ac4089252dc,D87_A_m8_w4_r1.log
D87,E,8,4,1,aved,1,82940543,14401161,83166263,ad8b54eb207cce4e6bf79095e78651a340a84396d64225ffc0ebb4bcd439252d,D87_E_m8_w4_r1.log
D87,A,8,4,1,aved,2,162561673,30911271,162784582,742854235ca892606c014882a86cec5967f5e9ccfb20b39aa22cc0f0364c118d,D87_A_m8_w4_r2.log
D87,E,8,4,1,aved,2,83164629,14401161,83390306,98aae34918c7a48704b5538ef395a77da6dc0f906060c5dcf638ed758606823e,D87_E_m8_w4_r2.log
D87,A,8,4,1,aved,3,161930772,30911271,162153554,e6ee098bcd223b0c170a19cd26b0662f3e994e0bf9728047c1788f9807d4fa5f,D87_A_m8_w4_r3.log
D87,E,8,4,1,aved,3,82920476,14401161,83146216,cce2d743f12b6b49be8c7cabfea3559de32374bac3b2bdaeecd81cb755ab6cfc,D87_E_m8_w4_r3.log
D87,A,8,4,1,aved,4,162566468,30911271,162789271,89f2aa3efbb4114672a7c3d61f51e4fa9502b511a059eada931a61b9494fadf6,D87_A_m8_w4_r4.log
D87,E,8,4,1,aved,4,82852095,14401161,83077872,99d151caaa50870abaa51485e82218344bc544d730cdf2a038ab9c2e00e3b8c1,D87_E_m8_w4_r4.log
D87,A,8,4,1,aved,5,161957888,30911271,162180692,833429c54bca99e28a4ea6ec8e0a36f4128cedcc3541bf2d425f5021974856e3,D87_A_m8_w4_r5.log
D87,E,8,4,1,aved,5,82942872,14401161,83168660,f942f8deed4461656c727c32b342784bf441151a4245d61fc0eb83a5a304e94b,D87_E_m8_w4_r5.log
D87,A,8,8,1,aved,1,128860057,30911903,129124687,a378c337da9ad5d751fe8661e5bf53ccd9c83f7b7199623bbf732dacefd7da71,D87_A_m8_w8_r1.log
D87,B,8,8,1,aved,1,76704689,18110511,76977623,e6804a912db7c193730b19e53eb1d0737cd0b86f6d0775047530f86958004baa,D87_B_m8_w8_r1.log
D87,C,8,8,1,aved,1,118408315,29264639,118675591,724f01dcb0dd926b11074a9f33bfd5433595fd7cc4440ec939d675d53fcc7b7b,D87_C_m8_w8_r1.log
D87,D,8,8,1,aved,1,66046244,16463247,66311642,a99fab3bef3cd094aa59a3f4717f23a8180a34cfdf274611fbdedd28e1061a0c,D87_D_m8_w8_r1.log
D87,E,8,8,1,aved,1,63682579,14401793,63954334,e45f0bb3226f95fc3f9d0808e1578711a50b5f3a613e6d65977f4b900dc8edd7,D87_E_m8_w8_r1.log
D87,A,8,8,1,aved,2,128847405,30911903,129110696,d54e0ddb79b4c62884afe92d9c525d6aff36498a349349752230d10941677e83,D87_A_m8_w8_r2.log
D87,B,8,8,1,aved,2,76333088,18110511,76600570,560325ec1181d48ae6a8d5d4804764efc15f463439ad2ad226aa9d2dd6728155,D87_B_m8_w8_r2.log
D87,C,8,8,1,aved,2,118539401,29264639,118801100,2706c2d10934a4d158f5b46410651e0400f49420d454c02aae8184fdc7312a29,D87_C_m8_w8_r2.log
D87,D,8,8,1,aved,2,65931224,16463247,66203787,a1ee1d3c299d174fac00e4559b32c988a7796033b487e454e76a17d899d1a8d1,D87_D_m8_w8_r2.log
D87,E,8,8,1,aved,2,63831882,14401793,64101070,e01d79ed776ea25a35a047cb9512624655d2c0886f76eaa2e008586e7e908479,D87_E_m8_w8_r2.log
D87,A,8,8,1,aved,3,128954600,30911903,129221026,baa2be9f0f938193ff19b641eddd9daadcff4dc7dc4973c7c209c5c6ffdc4882,D87_A_m8_w8_r3.log
D87,B,8,8,1,aved,3,76394008,18110511,76659485,390b02941b4b5424e36c0b00fbd67894b56ecc90e8ba7f3b6ed9095b4ae6da96,D87_B_m8_w8_r3.log
D87,C,8,8,1,aved,3,118450725,29264639,118716777,8465985cc3b7a6a40413af096b2eee268cfd2f785270bba6f7b8b963b7d94bc6,D87_C_m8_w8_r3.log
D87,D,8,8,1,aved,3,66342095,16463247,66611300,766ae0c21c5597e780df55aa39cd86ac006f5defe7832929a1190d4fe8174f32,D87_D_m8_w8_r3.log
D87,E,8,8,1,aved,3,63824346,14401793,64094024,5bbace6cbbbd0945dc5ff802f2e5efaf066c7bbeeaf99412ebf46ffc13a0ee04,D87_E_m8_w8_r3.log
D87,A,8,8,1,aved,4,128817074,30911903,129082145,f7418ef523a6dbb8037810f843e819bafd302e6203e6a13f77387d0cf1de1188,D87_A_m8_w8_r4.log
D87,B,8,8,1,aved,4,76255407,18110511,76532071,ebe409a1f7554878fb588324f046ebe267f1488b811446d58f079656c4f0034e,D87_B_m8_w8_r4.log
D87,C,8,8,1,aved,4,118391489,29264639,118657089,d33dd0e7c3cec5006f9f3b24ebc334cf877c3a1110380f8c7e5fe0c294b036f5,D87_C_m8_w8_r4.log
D87,D,8,8,1,aved,4,66213001,16463247,66483145,4ed184e16d50d2be11e13375ac477f1ff278f14c897cd90307cf9b110587bd31,D87_D_m8_w8_r4.log
D87,E,8,8,1,aved,4,63693610,14401793,63960962,0b04260700df61f5b3e80cf6936cc833b643357b105a457cebb2dd259e64ae9e,D87_E_m8_w8_r4.log
D87,A,8,8,1,aved,5,128737239,30911903,129002476,56ac8f92d29489a1826aff245edd12cd7c32af720ab00cd44336b3f9b3ac9649,D87_A_m8_w8_r5.log
D87,B,8,8,1,aved,5,76621980,18110511,76889631,843ca481523ea838eb5af1641f52e4e86ca097f39cffc9cc4231a99ee11539b3,D87_B_m8_w8_r5.log
D87,C,8,8,1,aved,5,118350517,29264639,118614806,a23645d9a40957074f06f923b3c399e102d7df4ad09ca951b1a8a24d1b62ef25,D87_C_m8_w8_r5.log
D87,D,8,8,1,aved,5,66350763,16463247,66618249,15d5c381fb5a9da870169f4f815c46873e3c88df3c584705108f718191e6298c,D87_D_m8_w8_r5.log
D87,E,8,8,1,aved,5,63590740,14401793,63859346,0f0f9f3edd3ad482cc5d2d86f65da631398e173dd9c52a80a346bda414763307,D87_E_m8_w8_r5.log
D87,A,16,8,1,aved,1,250934382,61278198,251202981,c42853536f1c1702c16e0b92e1648be1151ebba8dc2c704da17ef6bb57aa3cbc,D87_A_m16_w8_r1.log
D87,E,16,8,1,aved,1,123449129,28519364,123720762,a765a65262bc741f91207db72916662eec6a9a1c30eebd63a525519e73a65e22,D87_E_m16_w8_r1.log
D87,A,16,8,1,aved,2,250759068,61278198,251023785,d6a73fff73b9676fdee186acaaaea4a0dd60a1b4b814906783f236502a485e67,D87_A_m16_w8_r2.log
D87,E,16,8,1,aved,2,123041918,28519364,123312985,2a0a761fc51b4d0198d08de422e5b10ca318fec874be45e69c31b34c72465e73,D87_E_m16_w8_r2.log
D87,A,16,8,1,aved,3,250103800,61278198,250367865,c30c0dc25a91777dcb292286f7afeaf839ee311c35a587ea2f95e0d1f6951897,D87_A_m16_w8_r3.log
D87,E,16,8,1,aved,3,123418338,28519364,123687615,77f9680421ae03396188133f5a170dbaed6402efb05379da06eeac9be5bdf104,D87_E_m16_w8_r3.log
D87,A,16,8,1,aved,4,250675203,61278198,250940071,46f402fc1afa40f3d89fb93c4dfce671cdd9f56f1c5bf00fbff63c9f293fca6f,D87_A_m16_w8_r4.log
D87,E,16,8,1,aved,4,123180213,28519364,123454504,f586586cd886545a6f094f36292d5edcd5b23dad7e3e7f579372b5d281e2a55e,D87_E_m16_w8_r4.log
D87,A,16,8,1,aved,5,250624372,61278198,250888990,d470b24b5b1890318f488df1bc348c9065371413bb2da0b2dca297d30830e4c0,D87_A_m16_w8_r5.log
D87,E,16,8,1,aved,5,123364953,28519364,123636678,225188284d5f1f1407da6f4d181a13ccd644d7f520756856251a9c7b308784fc,D87_E_m16_w8_r5.log
D87,A,32,8,1,aved,1,508155172,123996195,508426768,2a9cce27900a8a3196ab4e3ff0ee76bb69dcd5c7454bffbad3a73dc80edd2faf,D87_A_m32_w8_r1.log
D87,E,32,8,1,aved,1,250482640,57763805,250752684,f442a60b6c6197e544b008f34d33e73a017d3b1f80aaa838a256a90ff09ea727,D87_E_m32_w8_r1.log
D87,A,32,8,1,aved,2,508176927,123996195,508441244,812229939412d58256a6c38b054d302a5fe0670417ce176369f2216e46cf720f,D87_A_m32_w8_r2.log
D87,E,32,8,1,aved,2,250800193,57763805,251072208,74fde9f9dafacfdd3fdba070b143d35b10b4eeccb6f32b9d90aad03bb13c0829,D87_E_m32_w8_r2.log
D87,A,32,8,1,aved,3,508362533,123996195,508627811,8f8058fa759dacbc67945f25fc36dbe6e305cf7524104af127aec5a862586209,D87_A_m32_w8_r3.log
D87,E,32,8,1,aved,3,250891180,57763805,251166455,29d46764bb3da665586a9c56dc7c5255395a5ee99c1a65c626307dac0269e704,D87_E_m32_w8_r3.log
D87,A,32,8,1,aved,4,509090794,123996195,509356043,e77e0bb57d12e0df453cd77565e6daf6d9b1540ac1e537f12eb056d4614053e8,D87_A_m32_w8_r4.log
D87,E,32,8,1,aved,4,250756980,57763805,251024139,7c62452e21b990e9242cb2686f6d624916c3c62b7e9d1f86267051247617e352,D87_E_m32_w8_r4.log
D87,A,32,8,1,aved,5,507843129,123996195,508109579,379163a20e574cc2f1de173e543b54bfb14258ff582779956ce0db90db717c7d,D87_A_m32_w8_r5.log
D87,E,32,8,1,aved,5,250469917,57763805,250738469,69b4832ffe0c156b5f4f5e0001d0660dbf1b4689316808ce5343387246f1551a,D87_E_m32_w8_r5.log
D87,A,64,8,1,aved,1,1015943158,249585879,1016208669,12b61dda87ca9d89171c5ff3c68b3aec7c12feb823770ba3147ac095c6f35117,D87_A_m64_w8_r1.log
D87,E,64,8,1,aved,1,502041482,116347477,502308839,00044ccbdfae7cff4776df56491c22c6fb5fe46e625154fa9d5fb1bff92ca8c8,D87_E_m64_w8_r1.log
D87,A,64,8,1,aved,2,1016428184,249585879,1016695839,75cecd8fa8ecece1d032e493602038e00268826a8ed1e028f1ba7b2257224d2f,D87_A_m64_w8_r2.log
D87,E,64,8,1,aved,2,501352714,116347477,501618683,920015730e352557a971ffa847ceeadad047aecd380a46907f43673ca19b41d2,D87_E_m64_w8_r2.log
D87,A,64,8,1,aved,3,1015121391,249585879,1015388971,17cb0e77b453072a8934f596d299a82e1c847dc710026707e60366829d2d168e,D87_A_m64_w8_r3.log
D87,E,64,8,1,aved,3,502161888,116347477,502432932,2ee400b717378c506febcc8d27280a64a10619aad12a70d8c5776836b7817584,D87_E_m64_w8_r3.log
D87,A,64,8,1,aved,4,1014851943,249585879,1015115879,69b1e2c71a6b1d996cb8c73ca6dc06e21796f6216ec5c5ba08dbf6b282f7633b,D87_A_m64_w8_r4.log
D87,E,64,8,1,aved,4,501442670,116347477,501708425,fe9b84cdc934e29ff3b2e61193532e8469e72a496a5c7feaab7aab9c160dcb2a,D87_E_m64_w8_r4.log
D87,A,64,8,1,aved,5,1015756533,249585879,1016024440,3b71fa77a0d4beedb0940c40a04b6197b0087495ee8a207bc5da4df70ace1b59,D87_A_m64_w8_r5.log
D87,E,64,8,1,aved,5,501626397,116347477,501895217,5e13752753ed7bb7110aba60c430424dd17246ba63ee49e40227f1a02c43c7d8,D87_E_m64_w8_r5.log
